{"type":"FeatureCollection","properties":{"map":"Town03","source":"Town03.xodr","crs_note":"coordinates match frames.json (CARLA UE left-handed world x,y)","y_flipped_from_xodr":true,"sample_step_m":2.0},"features":[{"type":"Feature","properties":{"kind":"center","road_id":"0"},"geometry":{"type":"LineString","coordinates":[[140.7,-195.72],[138.7,-195.77],[136.7,-195.82],[134.7,-195.87],[132.7,-195.92],[130.7,-195.97],[128.7,-196.02],[126.7,-196.07],[124.7,-196.12],[122.7,-196.17],[120.7,-196.22],[118.7,-196.27],[116.7,-196.32],[114.7,-196.37],[112.7,-196.42],[110.7,-196.47],[108.71,-196.52],[106.71,-196.57],[104.71,-196.62],[102.71,-196.67],[100.71,-196.72],[98.71,-196.77],[97.3,-196.81]]}},{"type":"Feature","properties":{"kind":"center","road_id":"1"},"geometry":{"type":"LineString","coordinates":[[71.58,-197.46],[69.58,-197.51],[67.58,-197.56],[65.58,-197.61],[63.58,-197.66],[61.58,-197.71],[59.58,-197.76],[57.58,-197.81],[55.58,-197.86],[53.58,-197.91],[51.58,-197.96],[49.58,-198.01],[47.58,-198.06],[45.59,-198.11],[43.59,-198.16],[41.59,-198.21],[39.59,-198.26],[37.59,-198.31],[35.59,-198.36],[33.59,-198.41],[31.59,-198.46],[29.59,-198.51],[27.59,-198.56],[25.59,-198.61],[23.59,-198.66],[21.59,-198.71],[20.68,-198.73]]}},{"type":"Feature","properties":{"kind":"center","road_id":"2"},"geometry":{"type":"LineString","coordinates":[[-12.11,-199.56],[-14.11,-199.61],[-16.11,-199.66],[-18.1,-199.71],[-20.1,-199.76],[-22.1,-199.81],[-24.1,-199.86],[-26.1,-199.91],[-28.1,-199.96],[-30.1,-200.01],[-32.1,-200.06],[-34.1,-200.11],[-36.1,-200.16],[-38.1,-200.21],[-40.1,-200.26],[-42.1,-200.31],[-44.1,-200.36],[-46.1,-200.41],[-48.1,-200.46],[-50.09,-200.51],[-52.09,-200.52],[-54.09,-200.39],[-56.07,-200.12],[-58.02,-199.7],[-59.94,-199.13],[-61.82,-198.43],[-63.63,-197.59],[-65.38,-196.63],[-67.05,-195.53],[-68.64,-194.32],[-70.14,-192.99],[-71.53,-191.56],[-72.82,-190.03],[-73.99,-188.4],[-75.03,-186.7],[-75.95,-184.92],[-76.74,-183.09],[-77.39,-181.19],[-77.9,-179.26],[-78.26,-177.3],[-78.48,-175.31],[-78.6,-173.31],[-78.72,-171.31],[-78.83,-169.32],[-78.95,-167.32],[-79.06,-165.32],[-79.17,-163.33],[-79.28,-161.33],[-79.38,-159.33],[-79.48,-157.34],[-79.56,-155.34],[-79.64,-153.34],[-79.71,-151.34],[-79.72,-150.95]]}},{"type":"Feature","properties":{"kind":"center","road_id":"3"},"geometry":{"type":"LineString","coordinates":[[-79.96,-124.93],[-79.95,-122.93],[-79.94,-120.93],[-79.94,-118.93],[-79.93,-116.93],[-79.93,-114.93],[-79.92,-112.93],[-79.92,-110.93],[-79.91,-108.93],[-79.91,-106.93],[-79.9,-104.93],[-79.9,-102.93],[-79.89,-100.93],[-79.88,-98.93],[-79.88,-96.93],[-79.87,-94.93],[-79.87,-92.93],[-79.86,-90.93],[-79.86,-88.93],[-79.85,-86.93],[-79.85,-84.93],[-79.84,-82.93],[-79.84,-80.93],[-79.83,-78.93],[-79.82,-76.93],[-79.82,-74.93],[-79.81,-72.93],[-79.81,-70.93],[-79.8,-68.93],[-79.8,-66.93],[-79.79,-64.93],[-79.79,-62.93],[-79.78,-60.93],[-79.78,-58.93],[-79.77,-56.93],[-79.76,-54.93],[-79.76,-52.93],[-79.75,-50.93],[-79.75,-48.93],[-79.74,-46.93],[-79.74,-44.93],[-79.73,-42.93],[-79.73,-40.93],[-79.72,-38.93],[-79.72,-36.93],[-79.71,-34.93],[-79.7,-32.93],[-79.7,-30.93],[-79.69,-28.93],[-79.69,-26.93],[-79.68,-24.93],[-79.68,-22.93],[-79.67,-20.93],[-79.67,-18.93],[-79.66,-16.93],[-79.66,-14.93],[-79.65,-12.93],[-79.64,-10.93],[-79.64,-10.42]]}},{"type":"Feature","properties":{"kind":"center","road_id":"4"},"geometry":{"type":"LineString","coordinates":[[-79.54,28.55],[-79.53,30.55],[-79.53,32.55],[-79.52,34.55],[-79.52,36.55],[-79.51,38.55],[-79.5,40.55],[-79.5,42.55],[-79.49,44.55],[-79.49,46.55],[-79.48,48.55],[-79.48,50.55],[-79.47,52.55],[-79.47,54.55],[-79.46,56.55],[-79.46,58.55],[-79.45,60.55],[-79.44,62.55],[-79.44,64.55],[-79.43,66.55],[-79.43,68.55],[-79.42,70.55],[-79.42,72.55],[-79.41,74.55],[-79.41,76.55],[-79.4,78.55],[-79.4,80.55],[-79.39,82.55],[-79.38,84.55],[-79.38,86.55],[-79.37,88.55],[-79.37,90.55],[-79.36,92.55],[-79.36,94.55],[-79.35,96.55],[-79.35,98.55],[-79.34,100.55],[-79.34,102.55],[-79.33,104.55],[-79.32,106.55],[-79.32,108.55],[-79.31,110.55],[-79.31,112.55],[-79.3,114.55],[-79.3,116.55],[-79.29,118.55],[-79.29,120.38]]}},{"type":"Feature","properties":{"kind":"center","road_id":"5"},"geometry":{"type":"LineString","coordinates":[[220.98,4.07],[220.18,4.06]]}},{"type":"Feature","properties":{"kind":"center","road_id":"6"},"geometry":{"type":"LineString","coordinates":[[220.18,4.06],[218.18,4.03],[216.18,4.0],[214.18,3.97],[212.18,3.94],[210.18,3.91],[208.18,3.88],[206.18,3.85],[204.18,3.82],[202.18,3.79],[200.18,3.76],[198.18,3.73],[196.18,3.7],[194.18,3.67],[192.19,3.64],[190.19,3.61],[188.19,3.58],[186.19,3.55],[184.19,3.52],[182.19,3.49],[180.19,3.46],[178.19,3.43],[176.19,3.4],[174.19,3.37],[172.19,3.34],[170.19,3.31],[168.19,3.28],[166.19,3.25],[164.42,3.23]]}},{"type":"Feature","properties":{"kind":"center","road_id":"7"},"geometry":{"type":"LineString","coordinates":[[135.42,2.79],[133.42,2.76],[131.42,2.73],[129.42,2.7],[127.42,2.67],[125.42,2.64],[123.42,2.61],[121.42,2.58],[119.42,2.55],[117.42,2.52],[115.42,2.49],[113.42,2.46],[111.42,2.43],[109.42,2.4],[107.42,2.37],[105.42,2.34],[103.43,2.31],[101.43,2.29],[99.43,2.26],[97.43,2.23],[95.43,2.2],[93.55,2.17]]}},{"type":"Feature","properties":{"kind":"center","road_id":"8"},"geometry":{"type":"LineString","coordinates":[[64.54,1.73],[62.54,1.7],[60.54,1.67],[58.54,1.64],[56.54,1.61],[54.54,1.58],[52.54,1.55],[50.54,1.53],[48.54,1.5],[46.54,1.47],[46.41,1.46]]}},{"type":"Feature","properties":{"kind":"center","road_id":"9"},"geometry":{"type":"LineString","coordinates":[[-0.5,22.08],[-0.37,22.08]]}},{"type":"Feature","properties":{"kind":"center","road_id":"10"},"geometry":{"type":"LineString","coordinates":[[14.13,16.13],[15.53,14.7],[16.8,13.22]]}},{"type":"Feature","properties":{"kind":"center","road_id":"11"},"geometry":{"type":"LineString","coordinates":[[21.2,0.54],[21.2,0.38]]}},{"type":"Feature","properties":{"kind":"center","road_id":"12"},"geometry":{"type":"LineString","coordinates":[[-22.2,0.38],[-22.19,0.6]]}},{"type":"Feature","properties":{"kind":"center","road_id":"13"},"geometry":{"type":"LineString","coordinates":[[-18.68,11.99],[-17.5,13.6],[-17.21,13.94]]}},{"type":"Feature","properties":{"kind":"center","road_id":"14"},"geometry":{"type":"LineString","coordinates":[[-2.05,22.02],[-0.5,22.08]]}},{"type":"Feature","properties":{"kind":"center","road_id":"15"},"geometry":{"type":"LineString","coordinates":[[6.67,-31.37],[7.05,-29.41],[7.1,-29.18]]}},{"type":"Feature","properties":{"kind":"center","road_id":"16"},"geometry":{"type":"LineString","coordinates":[[-9.25,30.64],[-9.43,29.56]]}},{"type":"Feature","properties":{"kind":"center","road_id":"17"},"geometry":{"type":"LineString","coordinates":[[139.7,-133.53],[137.7,-133.57],[135.7,-133.61],[133.7,-133.66],[131.7,-133.7],[129.7,-133.74],[127.7,-133.79],[125.7,-133.83],[123.7,-133.87],[121.7,-133.91],[119.7,-133.96],[117.7,-134.0],[115.7,-134.04],[113.7,-134.09],[111.7,-134.13],[109.7,-134.17],[107.7,-134.21],[105.7,-134.26],[103.7,-134.3],[101.7,-134.34],[99.71,-134.39],[97.71,-134.43],[96.15,-134.46]]}},{"type":"Feature","properties":{"kind":"center","road_id":"18"},"geometry":{"type":"LineString","coordinates":[[70.8,-135.01],[68.8,-135.05],[66.8,-135.09],[64.8,-135.13],[62.8,-135.18],[60.8,-135.22],[58.8,-135.26],[56.81,-135.3],[54.81,-135.35],[52.81,-135.39],[50.81,-135.43],[48.81,-135.48],[46.81,-135.52],[44.81,-135.56],[42.81,-135.6],[40.81,-135.65],[38.81,-135.69],[36.81,-135.73],[34.81,-135.78],[32.81,-135.82],[30.81,-135.86],[28.81,-135.9],[26.81,-135.95],[24.81,-135.99],[22.81,-136.03],[20.81,-136.08],[19.17,-136.11]]}},{"type":"Feature","properties":{"kind":"center","road_id":"19"},"geometry":{"type":"LineString","coordinates":[[-13.4,-136.81],[-15.4,-136.85],[-17.4,-136.89],[-19.4,-136.94],[-21.4,-136.98],[-23.4,-137.02],[-25.4,-137.07],[-27.4,-137.11],[-29.39,-137.15],[-31.39,-137.19],[-33.39,-137.24],[-35.39,-137.28],[-37.39,-137.32],[-39.39,-137.37],[-41.39,-137.41],[-43.39,-137.45],[-45.39,-137.49],[-47.39,-137.54],[-49.39,-137.58],[-51.39,-137.62],[-53.39,-137.67],[-55.39,-137.71],[-57.39,-137.75],[-59.39,-137.79],[-61.39,-137.84],[-63.39,-137.88],[-65.12,-137.92]]}},{"type":"Feature","properties":{"kind":"center","road_id":"20"},"geometry":{"type":"LineString","coordinates":[[-99.6,-138.66],[-101.6,-138.7],[-103.6,-138.68],[-105.59,-138.57],[-107.58,-138.37],[-109.56,-138.08],[-111.53,-137.7],[-113.47,-137.23],[-115.39,-136.68],[-117.29,-136.04],[-119.15,-135.32],[-120.98,-134.51],[-122.77,-133.62],[-124.52,-132.65],[-126.23,-131.6],[-127.88,-130.48],[-129.49,-129.29],[-131.03,-128.02],[-132.52,-126.68],[-133.95,-125.28],[-135.31,-123.82],[-136.61,-122.3],[-137.85,-120.73],[-139.01,-119.1],[-140.11,-117.43],[-141.13,-115.71],[-142.08,-113.95],[-142.95,-112.15],[-143.75,-110.32],[-144.46,-108.45],[-145.1,-106.55],[-145.65,-104.63],[-146.12,-102.69],[-146.51,-100.73],[-146.81,-98.75],[-147.03,-96.76],[-147.16,-94.77],[-147.21,-92.77],[-147.21,-90.77],[-147.21,-88.77],[-147.21,-86.77],[-147.21,-84.77],[-147.22,-82.77],[-147.22,-80.77],[-147.22,-78.77],[-147.22,-76.77],[-147.22,-74.77],[-147.22,-72.77],[-147.22,-70.77],[-147.22,-68.77],[-147.22,-66.77],[-147.22,-64.77],[-147.23,-62.77],[-147.23,-60.77],[-147.23,-58.77],[-147.23,-56.77],[-147.23,-54.77],[-147.23,-52.77],[-147.23,-50.77],[-147.23,-48.77],[-147.23,-46.77],[-147.23,-44.77],[-147.24,-42.77],[-147.24,-40.77],[-147.24,-38.77],[-147.24,-36.77],[-147.24,-34.77],[-147.24,-32.77],[-147.24,-30.77],[-147.24,-28.77],[-147.24,-26.77],[-147.25,-24.77],[-147.25,-22.77],[-147.25,-20.77],[-147.25,-18.77],[-147.25,-16.77],[-147.25,-14.77],[-147.25,-12.77],[-147.25,-10.77],[-147.25,-10.69]]}},{"type":"Feature","properties":{"kind":"center","road_id":"21"},"geometry":{"type":"LineString","coordinates":[[-147.26,7.43],[-147.26,9.43],[-147.26,11.43],[-147.27,13.43],[-147.27,15.43],[-147.27,17.43],[-147.27,19.43],[-147.27,21.43],[-147.27,23.43],[-147.27,25.43],[-147.27,27.43],[-147.27,29.43],[-147.27,31.43],[-147.28,33.43],[-147.28,35.43],[-147.28,37.43],[-147.28,38.65]]}},{"type":"Feature","properties":{"kind":"center","road_id":"22"},"geometry":{"type":"LineString","coordinates":[[-147.3,78.95],[-147.3,80.95],[-147.3,82.95],[-147.3,84.95],[-147.3,86.95],[-147.3,88.95],[-147.31,90.95],[-147.31,92.68]]}},{"type":"Feature","properties":{"kind":"center","road_id":"23"},"geometry":{"type":"LineString","coordinates":[[-146.78,113.14],[-146.33,115.09],[-145.76,117.0],[-145.06,118.88],[-144.23,120.7],[-143.29,122.46],[-142.23,124.16],[-141.05,125.78],[-139.77,127.31],[-138.37,128.74],[-136.85,130.04],[-135.23,131.21],[-133.51,132.23],[-131.71,133.1],[-129.84,133.81],[-127.92,134.35],[-125.96,134.73],[-123.97,134.94],[-121.97,134.98],[-119.97,134.93],[-117.97,134.89],[-115.97,134.84],[-113.97,134.8],[-111.97,134.75],[-109.97,134.71],[-107.97,134.66],[-105.97,134.62],[-103.97,134.57],[-101.97,134.53],[-99.97,134.48],[-98.16,134.44]]}},{"type":"Feature","properties":{"kind":"center","road_id":"24"},"geometry":{"type":"LineString","coordinates":[[-61.04,133.6],[-59.04,133.56],[-57.05,133.51],[-55.05,133.46],[-53.05,133.42],[-51.05,133.37],[-49.05,133.33],[-47.05,133.28],[-45.05,133.24],[-43.05,133.19],[-41.05,133.15],[-39.05,133.1],[-37.05,133.06],[-35.05,133.01],[-33.05,132.97],[-31.05,132.92],[-29.05,132.88],[-27.05,132.83],[-25.05,132.79],[-23.05,132.74],[-21.05,132.7],[-19.05,132.65],[-18.95,132.65]]}},{"type":"Feature","properties":{"kind":"center","road_id":"25"},"geometry":{"type":"LineString","coordinates":[[-5.64,-31.64],[-5.94,-29.66],[-6.0,-29.34]]}},{"type":"Feature","properties":{"kind":"center","road_id":"26"},"geometry":{"type":"LineString","coordinates":[[-159.83,103.68],[-161.83,103.68],[-163.83,103.67],[-165.83,103.66],[-167.83,103.66],[-169.83,103.65],[-171.83,103.65],[-173.83,103.64],[-175.83,103.63],[-177.83,103.63],[-179.83,103.62],[-181.83,103.61],[-183.83,103.61],[-185.83,103.6],[-187.83,103.6],[-189.83,103.59],[-191.83,103.58],[-193.83,103.58],[-195.83,103.57],[-197.83,103.57],[-199.83,103.56],[-201.83,103.55],[-203.83,103.55],[-205.83,103.54],[-207.83,103.54],[-209.83,103.53],[-211.83,103.52],[-213.33,103.52]]}},{"type":"Feature","properties":{"kind":"center","road_id":"27"},"geometry":{"type":"LineString","coordinates":[[-231.99,103.41],[-233.99,103.4],[-235.99,103.38],[-237.99,103.37],[-239.99,103.42],[-241.98,103.6],[-243.96,103.91],[-245.91,104.36],[-247.82,104.93],[-249.7,105.63],[-251.52,106.45],[-253.28,107.39],[-254.98,108.45],[-256.61,109.61],[-258.15,110.88],[-259.6,112.26],[-260.96,113.72],[-262.23,115.27],[-263.38,116.91],[-264.42,118.61],[-265.37,120.38],[-266.29,122.15],[-267.22,123.92],[-268.15,125.69],[-269.08,127.46],[-270.01,129.23],[-270.94,131.0],[-271.87,132.78],[-272.8,134.55],[-273.72,136.32],[-274.65,138.09],[-275.58,139.86],[-276.51,141.63],[-277.44,143.4],[-278.37,145.17],[-279.3,146.95],[-280.23,148.72],[-281.15,150.49],[-282.08,152.26],[-282.87,153.76]]}},{"type":"Feature","properties":{"kind":"center","road_id":"28"},"geometry":{"type":"LineString","coordinates":[[-1.12,-45.05],[-1.07,-47.04],[-1.02,-49.04],[-0.97,-51.04],[-0.92,-53.04],[-0.87,-55.04],[-0.82,-57.04],[-0.77,-59.04],[-0.72,-61.04],[-0.68,-63.04],[-0.63,-65.04],[-0.58,-67.04],[-0.53,-69.04],[-0.48,-71.04],[-0.43,-73.04],[-0.38,-75.04],[-0.33,-77.04],[-0.28,-79.03],[-0.23,-81.03],[-0.18,-83.03],[-0.13,-85.03],[-0.08,-87.03],[-0.03,-89.03],[0.02,-91.03],[0.06,-93.03],[0.11,-95.03],[0.16,-97.03],[0.21,-99.03],[0.26,-101.03],[0.31,-103.03],[0.36,-105.03],[0.41,-107.03],[0.46,-109.03],[0.51,-111.03],[0.56,-113.02],[0.61,-115.02],[0.66,-117.02],[0.71,-119.02],[0.76,-121.02],[0.8,-123.02],[0.83,-123.95]]}},{"type":"Feature","properties":{"kind":"center","road_id":"29"},"geometry":{"type":"LineString","coordinates":[[1.45,-149.05],[1.5,-151.05],[1.55,-153.05],[1.6,-155.05],[1.64,-157.05],[1.69,-159.05],[1.74,-161.05],[1.79,-163.05],[1.84,-165.05],[1.89,-167.05],[1.94,-169.05],[1.99,-171.05],[2.04,-173.05],[2.09,-175.05],[2.14,-177.04],[2.19,-179.04],[2.24,-181.04],[2.29,-183.04],[2.32,-184.27]]}},{"type":"Feature","properties":{"kind":"center","road_id":"30"},"geometry":{"type":"LineString","coordinates":[[-0.82,43.57],[-0.8,45.57],[-0.79,47.57],[-0.78,49.57],[-0.77,51.57],[-0.75,53.57],[-0.74,55.57],[-0.73,57.57],[-0.72,59.57],[-0.7,61.57],[-0.69,63.57],[-0.68,65.57],[-0.67,67.57],[-0.65,69.57],[-0.64,71.57],[-0.63,73.57],[-0.61,75.57],[-0.6,77.57],[-0.59,79.57],[-0.58,81.57],[-0.56,83.57],[-0.55,85.57],[-0.54,87.57],[-0.53,89.57],[-0.51,91.57],[-0.5,93.57],[-0.49,95.57],[-0.48,97.57],[-0.46,99.57],[-0.45,101.57],[-0.44,103.57],[-0.43,105.57],[-0.41,107.57],[-0.4,109.57],[-0.39,111.57],[-0.37,113.57],[-0.36,115.57],[-0.35,117.57],[-0.34,118.29]]}},{"type":"Feature","properties":{"kind":"center","road_id":"31"},"geometry":{"type":"LineString","coordinates":[[-0.15,149.13],[-0.14,151.13],[-0.12,153.13],[-0.11,155.13],[-0.1,156.62]]}},{"type":"Feature","properties":{"kind":"center","road_id":"32"},"geometry":{"type":"LineString","coordinates":[[0.04,179.23],[0.04,179.8]]}},{"type":"Feature","properties":{"kind":"center","road_id":"33"},"geometry":{"type":"LineString","coordinates":[[0.04,179.8],[0.05,180.82]]}},{"type":"Feature","properties":{"kind":"center","road_id":"34"},"geometry":{"type":"LineString","coordinates":[[29.39,-6.37],[31.38,-6.31],[31.72,-6.3]]}},{"type":"Feature","properties":{"kind":"center","road_id":"35"},"geometry":{"type":"LineString","coordinates":[[21.2,0.38],[21.19,-0.18]]}},{"type":"Feature","properties":{"kind":"center","road_id":"36"},"geometry":{"type":"LineString","coordinates":[[0.52,-21.29],[-0.5,-21.32]]}},{"type":"Feature","properties":{"kind":"center","road_id":"37"},"geometry":{"type":"LineString","coordinates":[[-0.5,-21.32],[-1.5,-21.29]]}},{"type":"Feature","properties":{"kind":"center","road_id":"38"},"geometry":{"type":"LineString","coordinates":[[-22.13,-1.31],[-22.2,0.38]]}},{"type":"Feature","properties":{"kind":"center","road_id":"39"},"geometry":{"type":"LineString","coordinates":[[-59.94,-309.82],[-57.94,-309.83],[-55.94,-309.84],[-53.94,-309.85],[-51.94,-309.86],[-49.94,-309.87],[-47.94,-309.88],[-45.94,-309.89],[-43.94,-309.9],[-41.94,-309.91],[-39.94,-309.92],[-37.94,-309.93],[-35.94,-309.94],[-33.94,-309.95],[-31.94,-309.96],[-29.94,-309.97],[-27.94,-309.98],[-25.94,-309.99],[-23.94,-310.0],[-21.94,-310.01],[-19.94,-310.02],[-17.94,-310.03],[-15.94,-310.04],[-13.94,-310.05],[-11.94,-310.06],[-9.94,-310.07],[-7.94,-310.08],[-5.94,-310.09],[-3.94,-310.1],[-1.94,-310.11],[0.06,-310.12],[2.06,-310.13],[4.06,-310.14],[6.06,-310.15],[8.06,-310.16],[10.06,-310.17],[12.06,-310.18],[14.06,-310.19],[16.06,-310.2],[18.06,-310.21],[20.06,-310.22],[22.06,-310.23],[24.06,-310.25],[26.06,-310.26],[28.06,-310.27],[30.06,-310.26],[32.06,-310.19],[34.05,-310.03],[36.04,-309.79],[38.01,-309.48],[39.97,-309.08],[41.92,-308.61],[43.84,-308.06],[45.74,-307.43],[47.61,-306.73],[49.45,-305.95],[51.26,-305.1],[53.03,-304.17],[54.77,-303.18],[56.46,-302.12],[58.11,-300.99],[59.72,-299.79],[61.27,-298.54],[62.78,-297.22],[64.22,-295.84],[65.62,-294.4],[66.95,-292.91],[68.22,-291.37],[69.43,-289.78],[70.58,-288.14],[71.69,-286.48],[72.76,-284.79],[73.79,-283.07],[74.77,-281.33],[75.71,-279.56],[76.61,-277.77],[77.46,-275.96],[78.26,-274.13],[79.02,-272.28],[79.73,-270.41],[79.9,-269.94]]}},{"type":"Feature","properties":{"kind":"center","road_id":"40"},"geometry":{"type":"LineString","coordinates":[[84.51,-246.7],[84.58,-244.7],[84.6,-242.7],[84.6,-240.7],[84.59,-238.7],[84.58,-236.7],[84.58,-234.7],[84.57,-232.7],[84.57,-230.7],[84.56,-228.7],[84.56,-226.7],[84.55,-224.7],[84.55,-222.7],[84.54,-220.7],[84.54,-218.7],[84.53,-216.7],[84.53,-215.41]]}},{"type":"Feature","properties":{"kind":"center","road_id":"41"},"geometry":{"type":"LineString","coordinates":[[84.44,-182.34],[84.43,-180.34],[84.43,-178.34],[84.42,-176.34],[84.42,-174.34],[84.41,-172.34],[84.41,-170.34],[84.4,-168.34],[84.39,-166.34],[84.37,-164.34],[84.35,-162.35],[84.31,-160.35],[84.27,-158.35],[84.22,-156.35],[84.17,-154.35],[84.1,-152.35],[84.03,-150.35],[83.96,-148.35],[83.92,-147.4]]}},{"type":"Feature","properties":{"kind":"center","road_id":"42"},"geometry":{"type":"LineString","coordinates":[[83.03,-122.07],[82.96,-120.07],[82.89,-118.07],[82.82,-116.07],[82.75,-114.07],[82.68,-112.07],[82.61,-110.07],[82.53,-108.08],[82.46,-106.08],[82.39,-104.08],[82.32,-102.08],[82.25,-100.08],[82.18,-98.08],[82.11,-96.08],[82.04,-94.08],[81.97,-92.09],[81.9,-90.09],[81.83,-88.09],[81.76,-86.09],[81.71,-84.61]]}},{"type":"Feature","properties":{"kind":"center","road_id":"43"},"geometry":{"type":"LineString","coordinates":[[81.0,-64.62],[80.93,-62.62],[80.86,-60.63],[80.79,-58.63],[80.72,-56.63],[80.65,-54.63],[80.58,-52.63],[80.5,-50.63],[80.43,-48.63],[80.36,-46.63],[80.29,-44.64],[80.22,-42.64],[80.15,-40.64],[80.08,-38.64],[80.01,-36.64],[79.94,-34.64],[79.87,-32.64],[79.8,-30.64],[79.73,-28.65],[79.66,-26.65],[79.59,-24.65],[79.52,-22.65],[79.44,-20.65],[79.37,-18.65],[79.34,-17.8]]}},{"type":"Feature","properties":{"kind":"center","road_id":"44"},"geometry":{"type":"LineString","coordinates":[[-103.94,22.26],[-105.34,23.69],[-106.75,25.11],[-108.16,26.53],[-109.56,27.95],[-110.97,29.37],[-112.37,30.8],[-113.78,32.22],[-115.19,33.64],[-116.59,35.06],[-118.0,36.49],[-119.4,37.91],[-120.81,39.33],[-122.22,40.75],[-123.62,42.17],[-125.03,43.6],[-126.44,45.02],[-127.84,46.44],[-128.38,46.98]]}},{"type":"Feature","properties":{"kind":"center","road_id":"45"},"geometry":{"type":"LineString","coordinates":[[92.0,67.44],[92.56,67.02]]}},{"type":"Feature","properties":{"kind":"center","road_id":"46"},"geometry":{"type":"LineString","coordinates":[[32.41,5.33],[30.41,5.34],[29.02,5.35]]}},{"type":"Feature","properties":{"kind":"center","road_id":"47"},"geometry":{"type":"LineString","coordinates":[[210.4,60.54],[208.4,60.54],[206.4,60.55],[204.4,60.55],[202.4,60.56],[200.4,60.56],[198.4,60.57],[196.4,60.57],[194.4,60.58],[192.4,60.58],[190.4,60.59],[188.4,60.59],[186.4,60.6],[185.66,60.6]]}},{"type":"Feature","properties":{"kind":"center","road_id":"48"},"geometry":{"type":"LineString","coordinates":[[150.96,60.69],[148.96,60.69],[146.96,60.7],[145.06,60.7]]}},{"type":"Feature","properties":{"kind":"center","road_id":"49"},"geometry":{"type":"LineString","coordinates":[[145.06,60.7],[143.06,60.71],[141.24,60.71]]}},{"type":"Feature","properties":{"kind":"center","road_id":"50"},"geometry":{"type":"LineString","coordinates":[[141.24,60.71],[139.24,60.72],[137.24,60.72],[136.74,60.73]]}},{"type":"Feature","properties":{"kind":"center","road_id":"51"},"geometry":{"type":"LineString","coordinates":[[136.74,60.73],[136.36,60.73]]}},{"type":"Feature","properties":{"kind":"center","road_id":"52"},"geometry":{"type":"LineString","coordinates":[[136.36,60.73],[134.36,60.73],[132.36,60.74],[130.36,60.74],[128.36,60.75],[126.36,60.75],[124.36,60.76],[122.36,60.76],[120.36,60.77],[118.36,60.77],[116.36,60.78],[114.36,60.78],[112.36,60.79],[110.36,60.79],[108.36,60.8],[106.36,60.8],[105.79,60.8]]}},{"type":"Feature","properties":{"kind":"center","road_id":"53"},"geometry":{"type":"LineString","coordinates":[[-97.58,264.79],[-95.58,264.79],[-93.58,264.79],[-91.58,264.78],[-89.58,264.78],[-87.58,264.78],[-85.58,264.78],[-83.58,264.77],[-81.58,264.77],[-79.58,264.77],[-77.58,264.77],[-75.58,264.76],[-73.58,264.76],[-71.58,264.76],[-69.58,264.76],[-67.58,264.75],[-65.58,264.75],[-63.58,264.75],[-61.58,264.75],[-59.58,264.74],[-57.58,264.74],[-55.58,264.74],[-53.58,264.74],[-51.58,264.74],[-49.58,264.73],[-47.58,264.73],[-45.58,264.73],[-43.58,264.73],[-41.58,264.72],[-39.58,264.72],[-37.58,264.72],[-35.58,264.72],[-33.58,264.71],[-31.58,264.71],[-29.58,264.71],[-27.58,264.71],[-25.58,264.7],[-23.58,264.7],[-21.58,264.7],[-19.58,264.7],[-17.58,264.69],[-15.58,264.69],[-13.58,264.69],[-11.58,264.69],[-9.58,264.69],[-7.58,264.68],[-5.58,264.68],[-3.58,264.68],[-1.58,264.68],[0.42,264.67],[2.42,264.67],[4.42,264.67],[6.42,264.67],[8.42,264.66],[10.42,264.66],[12.42,264.66],[14.42,264.66],[16.42,264.65],[18.42,264.65],[20.42,264.65],[22.42,264.65],[24.42,264.64],[26.42,264.64],[28.42,264.64],[30.42,264.64],[32.42,264.64],[34.42,264.63],[36.42,264.63],[38.42,264.63],[40.42,264.63],[42.42,264.62],[44.42,264.62],[46.42,264.62],[48.42,264.62],[50.42,264.61],[52.42,264.61],[54.42,264.61],[56.42,264.61],[58.42,264.6],[60.42,264.6],[62.42,264.6],[64.42,264.6],[66.42,264.59],[68.42,264.59],[70.42,264.59],[72.42,264.59],[74.42,264.59],[76.42,264.58],[78.42,264.58],[80.42,264.58],[82.42,264.58],[84.42,264.57],[86.42,264.57],[88.42,264.57],[90.42,264.57],[92.42,264.56],[94.42,264.56],[96.42,264.56],[98.42,264.56],[100.42,264.55],[102.42,264.55],[104.42,264.55],[106.42,264.55],[108.42,264.54],[110.42,264.54],[112.42,264.54],[114.42,264.54],[116.42,264.53],[118.42,264.53],[120.42,264.53],[122.42,264.53],[124.42,264.53],[126.42,264.52],[128.42,264.52],[130.42,264.52],[132.42,264.52],[134.42,264.51],[136.42,264.51],[138.42,264.51],[140.42,264.49],[142.42,264.45],[144.42,264.41],[146.42,264.34],[148.42,264.26],[150.41,264.17],[152.41,264.06],[154.41,263.94],[156.4,263.8],[158.4,263.64],[160.39,263.47],[162.38,263.29],[164.37,263.09],[166.36,262.88],[168.35,262.65],[170.33,262.4],[172.31,262.14],[174.3,261.87],[176.27,261.58],[178.25,261.27],[180.23,260.96],[182.2,260.62],[184.17,260.27],[186.13,259.91],[188.1,259.53],[190.06,259.14],[192.02,258.73],[193.97,258.31],[195.92,257.87],[197.87,257.42],[199.81,256.95],[201.76,256.47],[203.69,255.97],[205.63,255.46],[207.56,254.93],[209.48,254.39],[211.4,253.84],[213.32,253.27],[215.23,252.69],[217.14,252.09],[219.05,251.47],[220.95,250.85],[222.84,250.21],[224.73,249.55],[226.61,248.88],[228.49,248.2],[230.37,247.5],[232.24,246.79],[234.1,246.06],[235.96,245.32],[237.81,244.57],[239.66,243.8],[241.5,243.02],[243.33,242.22],[245.16,241.41],[246.98,240.59],[248.8,239.75],[250.61,238.89],[252.4,238.0],[254.17,237.07],[255.91,236.1],[257.64,235.09],[259.35,234.05],[261.03,232.97],[262.69,231.85],[264.33,230.7],[265.94,229.51],[267.52,228.3],[269.08,227.04],[270.61,225.76],[272.12,224.44],[273.59,223.09],[275.04,221.7],[276.45,220.29],[277.84,218.85],[279.19,217.38],[280.52,215.88],[281.81,214.35],[283.06,212.79],[284.29,211.21],[285.48,209.6],[286.63,207.97],[287.75,206.31],[288.83,204.63],[289.88,202.93],[290.89,201.2],[291.87,199.46],[292.8,197.69],[293.7,195.9],[294.56,194.1],[295.38,192.27],[296.16,190.43],[296.91,188.57],[297.61,186.7],[298.27,184.81],[298.89,182.91],[299.47,181.0],[300.01,179.07],[300.51,177.14],[300.97,175.19],[301.38,173.23],[301.76,171.27],[302.09,169.3],[302.38,167.32],[302.62,165.33],[302.83,163.34],[302.99,161.35],[303.11,159.35],[303.18,157.36],[303.21,155.36],[303.23,153.36],[303.25,151.36],[303.27,149.36],[303.29,147.36],[303.31,145.36],[303.32,143.36],[303.34,141.36],[303.36,139.36],[303.38,137.36],[303.4,135.36],[303.41,133.36],[303.43,131.36],[303.45,129.36],[303.47,127.36],[303.49,125.36],[303.5,123.36],[303.52,121.36],[303.54,119.36],[303.56,117.36],[303.58,115.36],[303.59,113.36],[303.61,111.36],[303.63,109.36],[303.65,107.36],[303.67,105.36],[303.69,103.36],[303.7,101.36],[303.72,99.36],[303.74,97.36],[303.76,95.36],[303.78,93.36],[303.79,91.36],[303.81,89.36],[303.83,87.36],[303.85,85.36],[303.87,83.36],[303.88,81.36],[303.9,79.36],[303.92,77.36],[303.94,75.36],[303.96,73.36],[303.97,71.36],[303.99,69.36],[304.01,67.36],[304.03,65.36],[304.05,63.36],[304.06,61.36],[304.08,59.36],[304.1,57.36],[304.12,55.36],[304.14,53.36],[304.16,51.36],[304.17,49.36],[304.19,47.36],[304.21,45.36],[304.23,43.36],[304.25,41.36],[304.26,39.36],[304.28,37.36],[304.3,35.36],[304.32,33.36],[304.34,31.36],[304.35,29.36],[304.37,27.36],[304.39,25.36],[304.41,23.36],[304.43,21.36],[304.44,19.36],[304.46,17.36],[304.48,15.36],[304.5,13.36],[304.52,11.36],[304.54,9.36],[304.55,7.36],[304.57,5.36],[304.59,3.36],[304.61,1.36],[304.63,-0.64],[304.64,-2.64],[304.66,-4.64],[304.68,-6.64],[304.7,-8.64],[304.72,-10.64],[304.73,-12.64],[304.75,-14.64],[304.77,-16.64],[304.79,-18.64],[304.81,-20.64],[304.82,-22.64],[304.84,-24.64],[304.86,-26.64],[304.88,-28.64],[304.9,-30.64],[304.91,-32.64],[304.93,-34.64],[304.95,-36.64],[304.97,-38.64],[304.99,-40.64],[305.01,-42.64],[305.02,-44.64],[305.04,-46.64],[305.06,-48.64],[305.08,-50.64],[305.1,-52.64],[305.11,-54.64],[305.13,-56.64],[305.15,-58.64],[305.17,-60.64],[305.19,-62.64],[305.2,-64.64],[305.22,-66.64],[305.24,-68.64],[305.26,-70.64],[305.28,-72.64],[305.29,-74.64],[305.31,-76.63],[305.33,-78.63],[305.35,-80.63],[305.37,-82.63],[305.39,-84.63],[305.4,-86.63],[305.42,-88.63],[305.44,-90.63],[305.46,-92.63],[305.48,-94.63],[305.49,-96.63],[305.51,-98.63],[305.53,-100.63],[305.55,-102.63],[305.57,-104.63],[305.58,-106.63],[305.6,-108.63],[305.62,-110.63],[305.64,-112.63],[305.66,-114.63],[305.67,-116.63],[305.69,-118.63],[305.71,-120.63],[305.73,-122.63],[305.75,-124.63],[305.76,-126.63],[305.78,-128.63],[305.8,-130.63],[305.82,-132.63],[305.84,-134.63],[305.86,-136.63],[305.87,-138.63],[305.89,-140.63],[305.91,-142.63],[305.93,-144.63],[305.95,-146.63],[305.96,-148.63],[305.98,-150.63],[306.0,-152.63],[306.02,-154.63],[306.04,-156.63],[306.05,-158.63],[306.07,-160.63],[306.09,-162.63],[306.11,-164.63],[306.13,-166.63],[306.14,-168.63],[306.16,-170.63],[306.18,-172.63],[306.2,-174.63],[306.22,-176.63],[306.23,-178.63],[306.19,-180.63],[306.11,-182.63],[305.99,-184.62],[305.81,-186.62],[305.6,-188.61],[305.33,-190.59],[305.02,-192.56],[304.67,-194.53],[304.27,-196.49],[303.82,-198.44],[303.33,-200.38],[302.8,-202.31],[302.22,-204.22],[301.59,-206.12],[300.93,-208.01],[300.22,-209.88],[299.46,-211.73],[298.67,-213.56],[297.83,-215.38],[296.95,-217.18],[296.03,-218.95],[295.07,-220.71],[294.07,-222.44],[293.03,-224.15],[291.95,-225.83],[290.83,-227.49],[289.67,-229.12],[288.48,-230.72],[287.23,-232.29],[285.94,-233.81],[284.6,-235.29],[283.2,-236.73],[281.76,-238.12],[280.28,-239.46],[278.75,-240.74],[277.18,-241.98],[275.57,-243.17],[273.92,-244.3],[272.23,-245.37],[270.51,-246.39],[268.75,-247.35],[266.97,-248.25],[265.15,-249.09],[263.31,-249.87],[261.44,-250.59],[259.56,-251.24],[257.65,-251.84],[255.72,-252.37],[253.77,-252.83],[251.81,-253.23],[249.84,-253.56],[247.86,-253.83],[245.87,-254.03],[243.87,-254.17],[241.87,-254.23],[239.87,-254.26],[237.87,-254.29],[235.87,-254.32],[233.87,-254.35],[231.87,-254.38],[229.87,-254.41],[227.88,-254.43],[225.88,-254.46],[223.88,-254.49],[221.88,-254.52],[219.88,-254.55],[217.88,-254.58],[215.88,-254.6],[213.88,-254.63],[211.88,-254.66],[209.88,-254.69],[207.88,-254.72],[205.88,-254.75],[203.88,-254.78],[201.88,-254.8],[199.88,-254.83],[197.88,-254.86],[195.88,-254.89],[193.88,-254.92],[191.88,-254.95],[189.88,-254.97],[187.88,-255.0],[185.88,-255.03],[183.88,-255.06],[181.88,-255.09],[179.88,-255.12],[177.88,-255.14],[175.88,-255.17],[174.99,-255.19]]}},{"type":"Feature","properties":{"kind":"center","road_id":"54"},"geometry":{"type":"LineString","coordinates":[[142.82,-255.64],[140.82,-255.67],[138.82,-255.7],[136.82,-255.73],[134.82,-255.76],[132.82,-255.78],[130.82,-255.81],[128.83,-255.84],[126.83,-255.87],[124.83,-255.9],[122.83,-255.93],[120.83,-255.96],[118.83,-255.98],[116.83,-256.01],[114.83,-256.04],[112.83,-256.07],[110.83,-256.1],[108.83,-256.13],[106.83,-256.15],[104.83,-256.18],[102.83,-256.21],[100.83,-256.24],[98.83,-256.27],[97.13,-256.29]]}},{"type":"Feature","properties":{"kind":"center","road_id":"55"},"geometry":{"type":"LineString","coordinates":[[68.01,-256.71],[66.01,-256.73],[64.01,-256.76],[62.01,-256.79],[60.01,-256.82],[58.01,-256.85],[56.01,-256.88],[54.01,-256.9],[52.01,-256.93],[50.01,-256.96],[48.01,-256.99],[46.01,-257.02],[44.01,-257.05],[42.01,-257.08],[40.01,-257.1],[38.01,-257.13],[36.01,-257.16],[34.01,-257.19],[32.01,-257.22],[30.02,-257.25],[28.02,-257.27],[26.02,-257.3],[24.02,-257.33],[22.02,-257.36],[20.02,-257.39],[18.02,-257.42],[16.02,-257.44],[14.02,-257.47],[12.02,-257.5],[10.02,-257.53],[8.02,-257.56],[6.02,-257.59],[4.02,-257.62],[2.02,-257.64],[0.02,-257.67],[-1.98,-257.7],[-3.98,-257.73],[-5.98,-257.76],[-7.98,-257.79],[-9.98,-257.81],[-11.98,-257.83],[-13.98,-257.84],[-15.98,-257.83],[-17.98,-257.81],[-19.98,-257.77],[-21.98,-257.72],[-23.98,-257.66],[-25.98,-257.59],[-27.98,-257.5],[-29.97,-257.39],[-31.97,-257.28],[-33.96,-257.15],[-35.96,-257.0],[-37.95,-256.85],[-39.95,-256.68],[-41.94,-256.49],[-43.93,-256.3],[-45.92,-256.08],[-47.9,-255.86],[-49.89,-255.62],[-51.87,-255.37],[-53.86,-255.11],[-55.84,-254.83],[-57.82,-254.54],[-59.79,-254.23],[-61.77,-253.91],[-63.74,-253.58],[-65.71,-253.24],[-67.68,-252.88],[-69.64,-252.51],[-71.61,-252.12],[-73.57,-251.73],[-75.52,-251.31],[-77.48,-250.89],[-79.43,-250.45],[-81.38,-250.0],[-83.32,-249.54],[-85.26,-249.06],[-87.2,-248.57],[-89.14,-248.07],[-91.07,-247.55],[-93.0,-247.02],[-94.92,-246.48],[-96.85,-245.92],[-98.76,-245.35],[-100.67,-244.76],[-102.58,-244.16],[-104.48,-243.54],[-106.38,-242.9],[-108.27,-242.25],[-110.15,-241.58],[-112.03,-240.9],[-113.91,-240.2],[-115.78,-239.49],[-117.64,-238.76],[-119.5,-238.02],[-121.35,-237.26],[-123.19,-236.48],[-125.03,-235.69],[-126.86,-234.88],[-128.68,-234.06],[-130.5,-233.23],[-132.31,-232.38],[-134.11,-231.51],[-135.91,-230.63],[-137.7,-229.74],[-139.48,-228.83],[-141.25,-227.9],[-143.01,-226.96],[-144.77,-226.01],[-146.52,-225.04],[-148.26,-224.06],[-150.0,-223.06],[-151.72,-222.05],[-153.44,-221.02],[-155.15,-219.98],[-156.85,-218.93],[-158.54,-217.86],[-160.22,-216.77],[-161.89,-215.68],[-163.56,-214.57],[-165.21,-213.44],[-166.86,-212.31],[-168.49,-211.16],[-170.12,-209.99],[-171.73,-208.81],[-173.34,-207.62],[-174.94,-206.43],[-176.52,-205.2],[-178.08,-203.95],[-179.62,-202.67],[-181.13,-201.36],[-182.62,-200.02],[-184.08,-198.66],[-185.52,-197.27],[-186.94,-195.86],[-188.33,-194.42],[-189.69,-192.96],[-191.03,-191.47],[-192.34,-189.96],[-193.63,-188.43],[-194.88,-186.87],[-196.11,-185.29],[-197.31,-183.69],[-198.48,-182.07],[-199.62,-180.43],[-200.74,-178.77],[-201.82,-177.09],[-202.87,-175.39],[-203.89,-173.67],[-204.88,-171.93],[-205.84,-170.18],[-206.77,-168.41],[-207.67,-166.62],[-208.53,-164.81],[-209.37,-163.0],[-210.17,-161.16],[-210.93,-159.32],[-211.67,-157.45],[-212.37,-155.58],[-213.03,-153.7],[-213.67,-151.8],[-214.27,-149.89],[-214.83,-147.97],[-215.36,-146.04],[-215.86,-144.11],[-216.32,-142.16],[-216.75,-140.21],[-217.14,-138.25],[-217.5,-136.28],[-217.82,-134.3],[-218.15,-132.33],[-218.47,-130.36],[-218.8,-128.38],[-219.13,-126.41],[-219.45,-124.44],[-219.78,-122.46],[-220.1,-120.49],[-220.43,-118.52],[-220.74,-116.54],[-221.05,-114.57],[-221.35,-112.59],[-221.64,-110.61],[-221.92,-108.63],[-222.2,-106.65],[-222.46,-104.67],[-222.72,-102.68],[-222.97,-100.7],[-223.22,-98.71],[-223.45,-96.73],[-223.68,-94.74],[-223.9,-92.75],[-224.11,-90.76],[-224.32,-88.78],[-224.51,-86.78],[-224.7,-84.79],[-224.88,-82.8],[-225.05,-80.81],[-225.22,-78.82],[-225.37,-76.82],[-225.52,-74.83],[-225.66,-72.83],[-225.79,-70.84],[-225.92,-68.84],[-226.03,-66.84],[-226.14,-64.85],[-226.24,-62.85],[-226.33,-60.85],[-226.42,-58.85],[-226.49,-56.85],[-226.56,-54.86],[-226.62,-52.86],[-226.67,-50.86],[-226.72,-48.86],[-226.75,-46.86],[-226.78,-44.86],[-226.8,-42.86],[-226.81,-40.86],[-226.82,-38.86],[-226.81,-36.86],[-226.8,-34.86],[-226.78,-32.86],[-226.75,-30.86],[-226.72,-28.86],[-226.67,-26.86],[-226.62,-24.86],[-226.56,-22.86],[-226.5,-20.86],[-226.44,-18.86],[-226.38,-16.86],[-226.31,-14.87],[-226.25,-12.87],[-226.25,-12.85]]}},{"type":"Feature","properties":{"kind":"center","road_id":"56"},"geometry":{"type":"LineString","coordinates":[[-225.63,7.29],[-225.56,9.29],[-225.5,11.29],[-225.44,13.29],[-225.38,15.29],[-225.32,17.29],[-225.25,19.29],[-225.19,21.29],[-225.13,23.29],[-225.07,25.29],[-225.01,27.28],[-224.94,29.28],[-224.88,31.28],[-224.82,33.28],[-224.76,35.28],[-224.7,37.28],[-224.63,39.28],[-224.57,41.28],[-224.51,43.28],[-224.45,45.28],[-224.39,47.27],[-224.32,49.27],[-224.26,51.27],[-224.2,53.27],[-224.14,55.27],[-224.08,57.27],[-224.01,59.27],[-223.95,61.27],[-223.89,63.27],[-223.83,65.27],[-223.76,67.27],[-223.7,69.26],[-223.64,71.26],[-223.58,73.26],[-223.52,75.26],[-223.45,77.26],[-223.39,79.26],[-223.33,81.26],[-223.27,83.26],[-223.21,85.26],[-223.14,87.26],[-223.08,89.25],[-223.02,91.25],[-222.96,93.25],[-222.93,94.13]]}},{"type":"Feature","properties":{"kind":"center","road_id":"57"},"geometry":{"type":"LineString","coordinates":[[-222.35,112.79],[-222.29,114.79],[-222.23,116.79],[-222.17,118.79],[-222.1,120.79],[-222.04,122.79],[-221.98,124.79],[-221.92,126.79],[-221.86,128.79],[-221.79,130.78],[-221.69,132.78],[-221.58,134.78],[-221.44,136.77],[-221.27,138.77],[-221.09,140.76],[-220.88,142.75],[-220.65,144.73],[-220.4,146.72],[-220.12,148.7],[-219.82,150.68],[-219.5,152.65],[-219.15,154.62],[-218.78,156.59],[-218.39,158.55],[-217.98,160.5],[-217.55,162.46],[-217.09,164.4],[-216.61,166.34],[-216.1,168.28],[-215.58,170.21],[-215.03,172.13],[-214.46,174.05],[-213.87,175.96],[-213.26,177.87],[-212.62,179.76],[-211.97,181.65],[-211.29,183.53],[-210.59,185.41],[-209.86,187.27],[-209.12,189.13],[-208.36,190.97],[-207.57,192.81],[-206.76,194.64],[-205.93,196.46],[-205.08,198.27],[-204.21,200.08],[-203.32,201.87],[-202.41,203.65],[-201.48,205.42],[-200.53,207.17],[-199.56,208.92],[-198.56,210.66],[-197.55,212.38],[-196.52,214.1],[-195.47,215.8],[-194.4,217.49],[-193.3,219.16],[-192.19,220.83],[-191.06,222.48],[-189.92,224.11],[-188.75,225.74],[-187.56,227.35],[-186.36,228.95],[-185.14,230.53],[-183.9,232.1],[-182.64,233.65],[-181.36,235.19],[-180.07,236.72],[-178.76,238.23],[-177.43,239.72],[-176.08,241.2],[-174.72,242.66],[-173.34,244.11],[-171.94,245.54],[-170.53,246.96],[-169.1,248.36],[-168.58,248.86]]}},{"type":"Feature","properties":{"kind":"center","road_id":"58"},"geometry":{"type":"LineString","coordinates":[[-23.04,169.37],[-24.92,170.05],[-26.78,170.78],[-28.61,171.58],[-30.42,172.42],[-32.21,173.33],[-33.97,174.28],[-35.69,175.29],[-37.39,176.35],[-38.19,176.88]]}},{"type":"Feature","properties":{"kind":"center","road_id":"59"},"geometry":{"type":"LineString","coordinates":[[138.63,-74.0],[136.63,-74.05],[134.63,-74.1],[132.63,-74.15],[130.63,-74.21],[128.63,-74.26],[126.63,-74.31],[124.63,-74.36],[122.63,-74.42],[120.64,-74.47],[118.64,-74.52],[116.64,-74.58],[114.64,-74.63],[112.64,-74.68],[110.64,-74.73],[108.64,-74.79],[106.64,-74.84],[104.64,-74.89],[102.64,-74.94],[100.64,-75.0],[98.64,-75.05],[96.64,-75.1],[94.64,-75.15],[94.12,-75.17]]}},{"type":"Feature","properties":{"kind":"center","road_id":"60"},"geometry":{"type":"LineString","coordinates":[[92.07,52.83],[90.42,51.7],[88.77,50.56],[87.12,49.43],[85.42,48.39],[83.61,47.54],[81.73,46.87],[79.78,46.4],[77.8,46.14],[75.8,46.13],[73.82,46.36],[71.87,46.82],[69.99,47.5],[68.22,48.43],[66.64,49.65],[65.27,51.11],[64.17,52.77],[63.3,54.57],[62.6,56.44],[62.2,58.4],[62.12,60.4],[62.36,62.38],[62.91,64.3],[63.74,66.12],[64.72,67.86],[65.95,69.44],[67.39,70.83],[69.02,71.99],[70.79,72.9],[72.69,73.54],[74.65,73.92],[76.64,74.09],[78.64,74.04],[80.62,73.76],[82.56,73.27],[84.42,72.56],[86.2,71.64],[87.86,70.53],[89.47,69.34],[91.07,68.14],[92.0,67.44]]}},{"type":"Feature","properties":{"kind":"center","road_id":"61"},"geometry":{"type":"LineString","coordinates":[[-43.36,-1.09],[-45.36,-1.1],[-47.36,-1.11],[-49.36,-1.12],[-51.36,-1.13],[-53.36,-1.14],[-55.36,-1.15],[-57.36,-1.16],[-59.36,-1.17],[-61.36,-1.18],[-63.36,-1.19],[-65.05,-1.2]]}},{"type":"Feature","properties":{"kind":"center","road_id":"62"},"geometry":{"type":"LineString","coordinates":[[-97.69,-1.37],[-99.69,-1.38],[-101.69,-1.39],[-103.69,-1.4],[-105.69,-1.41],[-107.69,-1.42],[-109.69,-1.43],[-111.69,-1.44],[-113.69,-1.45],[-115.69,-1.46],[-117.69,-1.47],[-119.69,-1.48],[-121.69,-1.49],[-123.69,-1.5],[-125.69,-1.51],[-127.69,-1.52],[-129.69,-1.53],[-131.69,-1.54],[-133.69,-1.55],[-134.72,-1.56]]}},{"type":"Feature","properties":{"kind":"center","road_id":"63"},"geometry":{"type":"LineString","coordinates":[[-159.8,-1.69],[-161.8,-1.7],[-163.8,-1.71],[-165.8,-1.72],[-167.8,-1.73],[-169.8,-1.74],[-171.8,-1.75],[-173.8,-1.76],[-175.8,-1.77],[-177.8,-1.78],[-179.8,-1.79],[-181.8,-1.8],[-183.8,-1.81],[-185.8,-1.82],[-187.8,-1.83],[-189.8,-1.84],[-191.8,-1.85],[-193.8,-1.86],[-195.8,-1.87],[-197.8,-1.88],[-199.8,-1.89],[-201.8,-1.9],[-203.8,-1.92],[-205.8,-1.93],[-207.8,-1.94],[-209.8,-1.95],[-211.8,-1.96],[-213.8,-1.97],[-215.8,-1.98],[-216.59,-1.98]]}},{"type":"Feature","properties":{"kind":"center","road_id":"64"},"geometry":{"type":"LineString","coordinates":[[-236.98,-3.74],[-238.93,-4.14],[-240.88,-4.59],[-242.82,-5.08],[-244.75,-5.61],[-246.67,-6.18],[-248.57,-6.79],[-250.46,-7.44],[-252.33,-8.14],[-254.16,-8.96],[-255.93,-9.89],[-257.64,-10.93],[-259.28,-12.07],[-260.85,-13.31],[-262.33,-14.65],[-263.73,-16.08],[-265.03,-17.6],[-266.24,-19.19],[-267.35,-20.86],[-268.34,-22.59],[-269.23,-24.38],[-270.0,-26.23],[-270.66,-28.12],[-271.21,-30.04],[-271.74,-31.97],[-272.28,-33.9],[-272.81,-35.82],[-273.34,-37.75],[-273.87,-39.68],[-274.41,-41.61],[-274.94,-43.53],[-275.47,-45.46],[-276.01,-47.39],[-276.54,-49.32],[-277.07,-51.25],[-277.61,-53.17],[-278.14,-55.1],[-278.67,-57.03],[-279.21,-58.96],[-279.74,-60.88],[-280.27,-62.81],[-280.81,-64.74],[-281.34,-66.67],[-281.87,-68.59],[-282.41,-70.52],[-282.94,-72.45],[-283.47,-74.38],[-284.0,-76.3],[-284.54,-78.23],[-285.07,-80.16],[-285.6,-82.09],[-286.14,-84.01],[-286.23,-84.35]]}},{"type":"Feature","properties":{"kind":"center","road_id":"65"},"geometry":{"type":"LineString","coordinates":[[166.21,-202.65],[168.21,-202.65],[170.21,-202.65],[172.21,-202.65],[174.21,-202.65],[176.21,-202.65],[178.21,-202.65],[180.21,-202.65],[182.21,-202.65],[184.21,-202.65],[186.21,-202.65],[188.21,-202.65],[190.21,-202.65],[192.21,-202.65],[194.21,-202.65],[196.21,-202.65],[198.21,-202.65],[200.21,-202.63],[202.21,-202.51],[204.19,-202.28],[206.17,-201.96],[208.12,-201.54],[210.05,-201.01],[211.95,-200.39],[213.82,-199.67],[215.64,-198.86],[217.43,-197.95],[219.16,-196.95],[220.84,-195.87],[222.46,-194.7],[224.02,-193.45],[225.52,-192.12],[226.94,-190.71],[228.29,-189.24],[229.56,-187.69],[230.75,-186.09],[231.86,-184.42],[232.88,-182.7],[233.82,-180.94],[234.71,-179.15],[235.57,-177.34],[236.38,-175.51],[237.15,-173.67],[237.88,-171.81],[238.57,-169.93],[239.22,-168.04],[239.83,-166.13],[240.39,-164.21],[240.91,-162.28],[241.39,-160.34],[241.82,-158.39],[242.21,-156.42],[242.56,-154.45],[242.86,-152.48],[243.12,-150.49],[243.33,-148.51],[243.5,-146.51],[243.63,-144.52],[243.71,-142.52],[243.74,-140.52],[243.74,-138.52],[243.69,-136.52],[243.64,-134.52],[243.59,-132.52],[243.54,-130.52],[243.5,-128.52],[243.45,-126.52],[243.4,-124.52],[243.35,-122.52],[243.3,-120.52],[243.25,-118.53],[243.2,-116.53],[243.16,-114.53],[243.11,-112.53],[243.06,-110.53],[243.01,-108.53],[242.96,-106.53],[242.91,-104.53],[242.86,-102.53],[242.82,-100.53],[242.77,-98.53],[242.72,-96.53],[242.67,-94.53],[242.62,-92.53],[242.57,-90.53],[242.52,-88.53],[242.48,-86.53],[242.43,-84.54],[242.38,-82.54],[242.33,-80.54],[242.28,-78.54],[242.23,-76.54],[242.18,-74.54],[242.13,-72.54],[242.09,-70.54],[242.04,-68.54],[241.99,-66.54],[241.94,-64.54],[241.89,-62.54],[241.84,-60.54],[241.79,-58.54],[241.75,-56.54],[241.7,-54.54],[241.65,-52.54],[241.6,-50.55],[241.55,-48.55],[241.5,-46.55],[241.45,-44.55],[241.41,-42.55],[241.36,-40.55],[241.31,-38.55],[241.26,-36.55],[241.21,-34.55],[241.16,-32.55],[241.11,-30.55],[241.06,-28.55],[241.02,-26.55],[240.97,-24.55],[240.92,-22.55],[240.87,-20.55],[240.82,-18.55],[240.78,-16.97]]}},{"type":"Feature","properties":{"kind":"center","road_id":"66"},"geometry":{"type":"LineString","coordinates":[[239.85,21.52],[239.8,23.52],[239.75,25.52],[239.7,27.52],[239.65,29.52],[239.6,31.52],[239.56,33.52],[239.51,35.52],[239.46,37.52],[239.41,39.52],[239.36,41.52],[239.34,42.19]]}},{"type":"Feature","properties":{"kind":"center","road_id":"67"},"geometry":{"type":"LineString","coordinates":[[238.41,80.79],[238.36,82.79],[238.31,84.78],[238.26,86.78],[238.21,88.78],[238.16,90.78],[238.11,92.78],[238.07,94.78],[238.02,96.78],[237.97,98.78],[237.92,100.78],[237.87,102.78],[237.82,104.78],[237.77,106.78],[237.72,108.78],[237.68,110.78],[237.63,112.78],[237.58,114.78],[237.53,116.78],[237.48,118.77],[237.43,120.77],[237.38,122.77],[237.34,124.77],[237.29,126.77],[237.24,128.77],[237.19,130.77],[237.14,132.77],[237.09,134.77],[237.04,136.77],[237.0,138.77],[236.92,140.77],[236.77,142.76],[236.56,144.75],[236.27,146.73],[235.92,148.7],[235.49,150.65],[235.0,152.59],[234.44,154.51],[233.81,156.41],[233.12,158.28],[232.36,160.13],[231.53,161.95],[230.64,163.75],[229.69,165.5],[228.68,167.23],[227.6,168.92],[226.47,170.56],[225.28,172.17],[224.03,173.74],[222.73,175.26],[221.38,176.73],[219.98,178.15],[218.52,179.53],[217.02,180.85],[215.48,182.12],[213.88,183.33],[212.25,184.48],[210.58,185.58],[208.88,186.63],[207.16,187.65],[205.42,188.64],[203.66,189.59],[201.88,190.51],[200.09,191.39],[198.28,192.25],[196.45,193.06],[194.61,193.84],[192.76,194.59],[190.89,195.3],[189.01,195.98],[187.11,196.62],[185.21,197.23],[183.29,197.8],[181.36,198.33],[179.43,198.83],[177.48,199.29],[175.52,199.71],[173.56,200.1],[171.59,200.44],[169.62,200.76],[167.64,201.03],[165.65,201.27],[163.66,201.47],[161.67,201.63],[159.67,201.75],[157.67,201.84],[155.67,201.88],[153.67,201.9],[151.67,201.9],[149.67,201.91],[147.67,201.91],[145.67,201.92],[143.67,201.92],[141.67,201.93],[139.67,201.93],[137.67,201.94],[135.67,201.94],[133.67,201.95],[131.67,201.95],[129.67,201.96],[127.67,201.96],[125.67,201.97],[123.67,201.97],[121.67,201.98],[119.67,201.98],[117.67,201.99],[115.67,201.99],[113.67,202.0],[111.67,202.0],[109.67,202.01],[107.67,202.01],[105.67,202.02],[103.67,202.02],[101.67,202.03],[99.67,202.03],[97.67,202.04],[95.67,202.04],[93.67,202.05],[91.67,202.05],[89.67,202.06],[87.67,202.06],[85.67,202.07],[83.67,202.07],[81.67,202.08],[79.67,202.08],[77.67,202.09],[75.67,202.09],[73.67,202.1],[71.67,202.1],[69.67,202.11],[67.67,202.11],[65.67,202.12],[63.67,202.12],[61.67,202.13],[59.67,202.13],[57.67,202.14],[55.67,202.14],[53.67,202.15],[51.67,202.15],[49.67,202.16],[47.67,202.16],[45.67,202.17],[43.67,202.17],[41.67,202.18],[39.67,202.18],[37.67,202.19],[35.67,202.19],[33.67,202.2],[31.67,202.2],[29.67,202.21],[27.67,202.21],[25.67,202.22],[23.67,202.22],[21.67,202.23],[19.67,202.23],[17.67,202.24],[17.12,202.24]]}},{"type":"Feature","properties":{"kind":"center","road_id":"68"},"geometry":{"type":"LineString","coordinates":[[-20.39,202.33],[-22.39,202.34],[-24.39,202.34],[-26.39,202.35],[-28.39,202.35],[-30.39,202.36],[-32.39,202.36],[-33.15,202.36]]}},{"type":"Feature","properties":{"kind":"center","road_id":"69"},"geometry":{"type":"LineString","coordinates":[[-67.83,192.56],[-69.29,191.2],[-70.69,189.77],[-72.01,188.26],[-73.27,186.71],[-74.46,185.1],[-75.58,183.45],[-76.63,181.75],[-77.62,180.0],[-78.52,178.22],[-79.36,176.4],[-80.12,174.55],[-80.8,172.67],[-81.4,170.77],[-81.92,168.84],[-82.36,166.89],[-82.72,164.92],[-83.0,162.94],[-83.2,160.95],[-83.31,158.95],[-83.35,156.95],[-83.36,154.95],[-83.36,152.95],[-83.37,150.95],[-83.38,148.95],[-83.39,146.95],[-83.39,146.88]]}},{"type":"Feature","properties":{"kind":"center","road_id":"70"},"geometry":{"type":"LineString","coordinates":[[-168.58,248.86],[-167.14,250.24],[-165.69,251.62],[-164.18,252.94],[-162.62,254.19],[-161.0,255.36],[-159.33,256.47],[-157.62,257.5],[-155.86,258.45],[-154.06,259.32],[-152.23,260.12],[-150.36,260.83],[-148.46,261.45],[-146.53,261.99],[-144.59,262.45],[-142.62,262.82],[-140.64,263.1],[-138.65,263.31],[-136.66,263.52],[-134.67,263.7],[-132.68,263.87],[-130.68,264.03],[-128.69,264.18],[-126.69,264.3],[-124.7,264.42],[-122.7,264.52],[-120.7,264.6],[-118.7,264.67],[-116.7,264.73],[-114.7,264.77],[-112.7,264.79],[-110.7,264.8],[-108.7,264.8],[-106.7,264.8],[-104.7,264.8],[-102.7,264.8],[-100.7,264.79],[-98.7,264.79],[-97.58,264.79]]}},{"type":"Feature","properties":{"kind":"center","road_id":"71"},"geometry":{"type":"LineString","coordinates":[[253.54,-299.07],[251.55,-299.31],[249.57,-299.55],[247.58,-299.79],[245.6,-300.02],[243.61,-300.26],[241.63,-300.5],[239.64,-300.74],[237.65,-300.98],[235.67,-301.22],[233.68,-301.46],[231.7,-301.69],[229.71,-301.93],[227.73,-302.17],[225.74,-302.41],[223.75,-302.65],[221.76,-302.83],[219.77,-302.95],[217.77,-303.0],[215.77,-302.99],[213.77,-302.9],[211.78,-302.75],[209.79,-302.52],[207.81,-302.23],[205.84,-301.87],[203.89,-301.44],[201.95,-300.95],[200.03,-300.39],[198.13,-299.77],[196.25,-299.08],[194.4,-298.32],[192.58,-297.51],[190.78,-296.63],[189.01,-295.69],[187.28,-294.69],[185.59,-293.63],[183.93,-292.51],[182.31,-291.34],[180.73,-290.11],[179.19,-288.83],[177.7,-287.49],[176.26,-286.11],[174.86,-284.68],[173.51,-283.2],[172.2,-281.69],[170.93,-280.15],[169.7,-278.57],[168.51,-276.96],[167.36,-275.33],[166.26,-273.66],[165.2,-271.96],[164.27,-270.41]]}},{"type":"Feature","properties":{"kind":"center","road_id":"72"},"geometry":{"type":"LineString","coordinates":[[155.02,-244.6],[154.72,-242.62],[154.47,-240.64],[154.27,-238.65],[154.12,-236.66],[154.02,-234.66],[153.98,-232.66],[153.94,-230.66],[153.91,-228.66],[153.87,-226.66],[153.84,-224.66],[153.8,-222.66],[153.77,-220.66],[153.73,-218.66],[153.71,-217.37]]}},{"type":"Feature","properties":{"kind":"center","road_id":"73"},"geometry":{"type":"LineString","coordinates":[[153.08,-181.0],[153.04,-179.0],[153.01,-177.0],[152.97,-175.0],[152.94,-173.0],[152.9,-171.0],[152.87,-169.0],[152.83,-167.0],[152.8,-165.0],[152.76,-163.0],[152.73,-161.0],[152.69,-159.0],[152.66,-157.0],[152.62,-155.0],[152.59,-153.0],[152.55,-151.0],[152.52,-149.0],[152.49,-147.0],[152.46,-145.81]]}},{"type":"Feature","properties":{"kind":"center","road_id":"74"},"geometry":{"type":"LineString","coordinates":[[152.03,-120.82],[151.99,-118.82],[151.96,-116.82],[151.93,-114.82],[151.89,-112.82],[151.86,-110.82],[151.82,-108.82],[151.79,-106.82],[151.75,-104.82],[151.72,-102.82],[151.68,-100.82],[151.65,-98.82],[151.61,-96.82],[151.58,-94.82],[151.54,-92.82],[151.51,-90.82],[151.47,-88.82],[151.44,-86.82],[151.4,-84.82],[151.37,-82.82],[151.37,-82.8]]}},{"type":"Feature","properties":{"kind":"center","road_id":"75"},"geometry":{"type":"LineString","coordinates":[[151.02,-62.77],[150.99,-60.77],[150.95,-58.78],[150.92,-56.78],[150.88,-54.78],[150.85,-52.78],[150.81,-50.78],[150.78,-48.78],[150.74,-46.78],[150.71,-44.78],[150.67,-42.78],[150.64,-40.78],[150.6,-38.78],[150.57,-36.78],[150.53,-34.78],[150.5,-32.78],[150.46,-30.78],[150.43,-28.78],[150.39,-26.78],[150.36,-24.78],[150.32,-22.78],[150.29,-20.78],[150.25,-18.78],[150.22,-16.78],[150.22,-16.52]]}},{"type":"Feature","properties":{"kind":"center","road_id":"76"},"geometry":{"type":"LineString","coordinates":[[21.22,132.54],[23.22,132.51],[25.22,132.48],[27.22,132.45],[29.22,132.43],[31.22,132.4],[33.22,132.37],[35.22,132.34],[37.22,132.31],[39.22,132.28],[41.22,132.25],[43.22,132.23],[45.22,132.2],[47.22,132.17],[49.22,132.14],[51.22,132.11],[53.21,132.08],[55.21,132.05],[57.21,132.03],[59.21,132.0],[61.21,131.97],[63.21,131.94],[65.21,131.91],[67.21,131.88],[69.21,131.85],[71.21,131.83],[73.21,131.8],[75.21,131.77],[77.21,131.74],[79.21,131.71],[81.21,131.68],[83.21,131.66],[85.21,131.63],[87.21,131.6],[89.21,131.57],[91.21,131.54],[93.21,131.51],[95.21,131.48],[97.21,131.46],[99.21,131.43],[101.21,131.4],[103.21,131.37],[105.21,131.34],[107.21,131.31],[109.21,131.28],[111.21,131.26],[113.21,131.23],[115.21,131.2],[117.21,131.17],[119.21,131.14],[121.21,131.11],[123.21,131.08],[125.21,131.06],[127.21,131.03],[129.21,131.0],[131.21,130.97],[133.2,130.86],[135.19,130.64],[137.17,130.33],[139.12,129.91],[141.05,129.39],[142.96,128.77],[144.82,128.06],[146.65,127.24],[148.43,126.34],[150.17,125.34],[151.85,124.26],[153.47,123.08],[155.02,121.83],[156.51,120.5],[157.93,119.09],[159.28,117.61],[160.55,116.06],[161.74,114.45],[162.84,112.79],[163.86,111.07],[164.8,109.3],[165.64,107.49],[166.39,105.63],[167.05,103.74],[167.61,101.83],[168.07,99.88],[168.43,97.91],[168.7,95.93],[168.86,93.94],[168.93,91.94],[168.93,89.94],[168.93,89.02]]}},{"type":"Feature","properties":{"kind":"center","road_id":"77"},"geometry":{"type":"LineString","coordinates":[[168.93,89.02],[168.93,88.41]]}},{"type":"Feature","properties":{"kind":"center","road_id":"78"},"geometry":{"type":"LineString","coordinates":[[168.93,88.41],[168.93,86.41],[168.93,84.41],[168.93,84.4]]}},{"type":"Feature","properties":{"kind":"center","road_id":"79"},"geometry":{"type":"LineString","coordinates":[[168.93,84.4],[168.93,83.29]]}},{"type":"Feature","properties":{"kind":"center","road_id":"80"},"geometry":{"type":"LineString","coordinates":[[168.93,83.29],[168.92,81.29],[168.92,79.29],[168.92,78.51]]}},{"type":"Feature","properties":{"kind":"center","road_id":"81"},"geometry":{"type":"LineString","coordinates":[[90.47,55.98],[90.09,55.71]]}},{"type":"Feature","properties":{"kind":"center","road_id":"83"},"geometry":{"type":"LineString","coordinates":[[-7.45,180.86],[-7.44,182.86],[-7.42,184.86],[-7.41,186.86],[-7.47,188.86],[-7.8,190.83],[-8.43,192.73],[-9.59,194.33],[-11.37,195.21],[-13.36,195.31],[-15.36,195.32],[-17.36,195.32],[-19.36,195.33],[-20.4,195.33]]}},{"type":"Feature","properties":{"kind":"center","road_id":"84"},"geometry":{"type":"LineString","coordinates":[[-13.45,180.9],[-13.44,182.9],[-13.46,184.9],[-14.11,186.78],[-15.44,188.26],[-17.2,189.17],[-19.19,189.33],[-20.42,189.33]]}},{"type":"Feature","properties":{"kind":"center","road_id":"88"},"geometry":{"type":"LineString","coordinates":[[-3.95,180.84],[-3.94,182.84],[-3.92,184.84],[-3.91,186.84],[-3.9,188.84],[-3.89,190.84],[-4.09,192.83],[-4.83,194.68],[-6.04,196.26],[-7.63,197.47],[-9.44,198.31],[-11.39,198.75],[-13.39,198.81],[-15.39,198.82],[-17.39,198.82],[-19.39,198.83],[-20.4,198.83]]}},{"type":"Feature","properties":{"kind":"center","road_id":"89"},"geometry":{"type":"LineString","coordinates":[[17.11,198.74],[15.11,198.74],[13.11,198.75],[11.11,198.75],[9.11,198.76],[7.12,198.72],[5.18,198.24],[3.45,197.25],[2.04,195.84],[1.08,194.09],[0.64,192.15],[0.61,190.15],[0.6,188.15],[0.58,186.15],[0.57,184.15],[0.56,182.15],[0.55,180.81]]}},{"type":"Feature","properties":{"kind":"center","road_id":"90"},"geometry":{"type":"LineString","coordinates":[[17.11,195.24],[15.11,195.24],[13.11,195.25],[11.11,195.25],[9.11,195.26],[7.14,194.97],[5.54,193.81],[4.55,192.08],[4.12,190.13],[4.1,188.13],[4.08,186.13],[4.07,184.13],[4.06,182.13],[4.05,180.79]]}},{"type":"Feature","properties":{"kind":"center","road_id":"91"},"geometry":{"type":"LineString","coordinates":[[10.05,180.75],[10.06,182.75],[10.15,184.75],[10.81,186.63],[12.07,188.16],[13.84,189.08],[15.82,189.24],[17.09,189.24]]}},{"type":"Feature","properties":{"kind":"center","road_id":"100"},"geometry":{"type":"LineString","coordinates":[[17.12,202.24],[15.12,202.24],[13.12,202.25],[11.12,202.25],[9.12,202.26],[7.12,202.26],[5.12,202.27],[3.12,202.27],[1.12,202.28],[-0.88,202.28],[-2.88,202.29],[-4.88,202.29],[-6.88,202.3],[-8.88,202.3],[-10.88,202.31],[-12.88,202.31],[-14.88,202.32],[-16.88,202.32],[-18.88,202.33],[-20.39,202.33]]}},{"type":"Feature","properties":{"kind":"center","road_id":"101"},"geometry":{"type":"LineString","coordinates":[[17.12,202.24],[15.12,202.24],[13.12,202.25],[11.12,202.25],[9.12,202.26],[7.12,202.26],[5.12,202.27],[3.12,202.27],[1.12,202.28],[-0.88,202.28],[-2.88,202.29],[-4.88,202.29],[-6.88,202.3],[-8.88,202.3],[-10.88,202.31],[-12.88,202.31],[-14.88,202.32],[-16.88,202.32],[-18.88,202.33],[-20.39,202.33]]}},{"type":"Feature","properties":{"kind":"center","road_id":"104"},"geometry":{"type":"LineString","coordinates":[[-7.84,118.34],[-7.83,120.34],[-7.82,122.34],[-7.95,124.33],[-8.42,126.27],[-9.24,128.09],[-10.36,129.74],[-11.83,131.09],[-13.58,132.04],[-15.52,132.53],[-17.52,132.62],[-18.95,132.65]]}},{"type":"Feature","properties":{"kind":"center","road_id":"110"},"geometry":{"type":"LineString","coordinates":[[-18.95,132.65],[-16.96,132.6],[-14.96,132.52],[-12.97,132.33],[-10.99,132.02],[-9.03,131.6],[-7.11,131.07],[-5.21,130.44],[-3.44,129.52],[-1.94,128.2],[-0.79,126.57],[-0.07,124.71],[0.18,122.73],[0.17,120.73],[0.16,118.73],[0.16,118.29]]}},{"type":"Feature","properties":{"kind":"center","road_id":"118"},"geometry":{"type":"LineString","coordinates":[[-19.12,125.15],[-17.16,124.84],[-15.49,123.77],[-14.29,122.18],[-13.83,120.25],[-13.84,118.37]]}},{"type":"Feature","properties":{"kind":"center","road_id":"121"},"geometry":{"type":"LineString","coordinates":[[-18.78,140.15],[-16.83,140.52],[-15.2,141.65],[-14.06,143.27],[-13.67,145.22],[-13.66,147.22],[-13.65,149.21]]}},{"type":"Feature","properties":{"kind":"center","road_id":"123"},"geometry":{"type":"LineString","coordinates":[[-18.95,132.65],[-16.96,132.6],[-14.95,132.6],[-12.96,132.73],[-10.98,133.02],[-9.03,133.44],[-7.11,134.01],[-5.24,134.72],[-3.49,135.68],[-1.99,137.0],[-0.83,138.62],[-0.06,140.46],[0.29,142.43],[0.32,144.43],[0.33,146.43],[0.35,148.43],[0.35,149.12]]}},{"type":"Feature","properties":{"kind":"center","road_id":"130"},"geometry":{"type":"LineString","coordinates":[[-18.95,132.65],[-16.96,132.6],[-14.96,132.7],[-13.05,133.28],[-11.36,134.34],[-10.0,135.79],[-8.95,137.5],[-8.21,139.35],[-7.79,141.3],[-7.69,143.3],[-7.67,145.3],[-7.66,147.3],[-7.65,149.18]]}},{"type":"Feature","properties":{"kind":"center","road_id":"139"},"geometry":{"type":"LineString","coordinates":[[-18.95,132.65],[-16.96,132.6],[-14.96,132.56],[-12.96,132.51],[-10.96,132.48],[-8.96,132.47],[-6.96,132.47],[-4.96,132.5],[-2.96,132.54],[-0.96,132.59],[1.04,132.65],[3.04,132.68],[5.04,132.71],[7.04,132.71],[9.04,132.71],[11.04,132.68],[13.04,132.66],[15.04,132.63],[17.04,132.6],[19.04,132.57],[21.04,132.54],[21.22,132.54]]}},{"type":"Feature","properties":{"kind":"center","road_id":"144"},"geometry":{"type":"LineString","coordinates":[[-18.95,132.65],[-16.96,132.6],[-14.96,132.56],[-12.96,132.51],[-10.96,132.48],[-8.96,132.47],[-6.96,132.47],[-4.96,132.5],[-2.96,132.54],[-0.96,132.6],[1.04,132.65],[3.04,132.69],[5.04,132.71],[7.04,132.72],[9.04,132.71],[11.04,132.68],[13.04,132.66],[15.04,132.63],[17.04,132.6],[19.04,132.57],[21.04,132.54],[21.22,132.54]]}},{"type":"Feature","properties":{"kind":"center","road_id":"183"},"geometry":{"type":"LineString","coordinates":[[-0.34,118.29],[-0.33,120.29],[-0.32,122.29],[-0.31,124.29],[-0.29,126.29],[-0.28,128.29],[-0.27,130.29],[-0.26,132.29],[-0.24,134.29],[-0.23,136.29],[-0.22,138.29],[-0.21,140.29],[-0.19,142.29],[-0.18,144.29],[-0.17,146.29],[-0.15,148.29],[-0.15,149.13]]}},{"type":"Feature","properties":{"kind":"center","road_id":"184"},"geometry":{"type":"LineString","coordinates":[[-0.34,118.29],[-0.33,120.29],[-0.32,122.29],[-0.31,124.29],[-0.29,126.29],[-0.28,128.29],[-0.27,130.29],[-0.26,132.29],[-0.24,134.29],[-0.23,136.29],[-0.22,138.29],[-0.21,140.29],[-0.19,142.29],[-0.18,144.29],[-0.17,146.29],[-0.15,148.29],[-0.15,149.13]]}},{"type":"Feature","properties":{"kind":"center","road_id":"203"},"geometry":{"type":"LineString","coordinates":[[3.66,118.26],[3.67,120.26],[3.68,122.26],[3.8,124.26],[4.29,126.19],[5.15,128.0],[6.34,129.6],[7.84,130.92],[9.58,131.9],[11.48,132.49],[13.47,132.65],[15.47,132.62],[17.47,132.59],[19.47,132.56],[21.22,132.54]]}},{"type":"Feature","properties":{"kind":"center","road_id":"213"},"geometry":{"type":"LineString","coordinates":[[-4.34,118.31],[-4.33,120.31],[-4.32,122.31],[-4.11,124.3],[-3.46,126.18],[-2.4,127.88],[-0.98,129.28],[0.71,130.33],[2.59,131.02],[4.52,131.56],[6.47,131.99],[8.44,132.32],[10.43,132.53],[12.43,132.64],[14.43,132.64],[16.43,132.61],[18.43,132.58],[20.43,132.55],[21.22,132.54]]}},{"type":"Feature","properties":{"kind":"center","road_id":"219"},"geometry":{"type":"LineString","coordinates":[[9.66,118.23],[9.7,120.22],[10.24,122.14],[11.38,123.77],[12.99,124.95],[14.88,125.55],[16.88,125.6],[18.88,125.57],[20.88,125.54],[21.12,125.54]]}},{"type":"Feature","properties":{"kind":"center","road_id":"222"},"geometry":{"type":"LineString","coordinates":[[21.22,132.54],[19.22,132.57],[17.22,132.6],[15.22,132.63],[13.22,132.66],[11.25,132.98],[9.38,133.68],[7.69,134.75],[6.25,136.13],[5.11,137.77],[4.31,139.6],[3.88,141.55],[3.82,143.55],[3.83,145.55],[3.84,147.55],[3.85,149.1]]}},{"type":"Feature","properties":{"kind":"center","road_id":"227"},"geometry":{"type":"LineString","coordinates":[[-4.15,149.15],[-4.16,147.15],[-4.17,145.15],[-4.19,143.15],[-4.02,141.16],[-3.4,139.27],[-2.36,137.56],[-0.96,136.15],[0.74,135.09],[2.62,134.41],[4.54,133.86],[6.49,133.41],[8.46,133.06],[10.44,132.82],[12.44,132.68],[14.44,132.64],[16.43,132.61],[18.43,132.58],[20.43,132.55],[21.22,132.54]]}},{"type":"Feature","properties":{"kind":"center","road_id":"236"},"geometry":{"type":"LineString","coordinates":[[9.85,149.06],[9.94,147.07],[10.49,145.15],[11.52,143.44],[12.94,142.05],[14.63,140.99],[16.47,140.2],[18.41,139.72],[20.4,139.55],[21.32,139.54]]}},{"type":"Feature","properties":{"kind":"center","road_id":"239"},"geometry":{"type":"LineString","coordinates":[[-98.16,134.44],[-96.17,134.4],[-94.17,134.33],[-92.17,134.15],[-90.2,133.82],[-88.26,133.35],[-86.35,132.74],[-84.5,132.0],[-82.77,131.01],[-81.31,129.64],[-80.21,127.98],[-79.52,126.1],[-79.28,124.12],[-79.28,122.12],[-79.29,120.38]]}},{"type":"Feature","properties":{"kind":"center","road_id":"246"},"geometry":{"type":"LineString","coordinates":[[-86.29,120.4],[-86.28,122.4],[-86.28,124.4],[-86.49,126.38],[-87.03,128.31],[-87.88,130.11],[-89.04,131.74],[-90.55,133.05],[-92.33,133.93],[-94.29,134.34],[-96.29,134.4],[-98.16,134.44]]}},{"type":"Feature","properties":{"kind":"center","road_id":"252"},"geometry":{"type":"LineString","coordinates":[[-92.29,120.41],[-92.3,122.41],[-92.74,124.35],[-93.82,126.02],[-95.6,126.86],[-97.6,126.93],[-98.33,126.94]]}},{"type":"Feature","properties":{"kind":"center","road_id":"255"},"geometry":{"type":"LineString","coordinates":[[-75.79,120.37],[-75.78,122.37],[-75.77,124.37],[-75.51,126.35],[-74.88,128.24],[-73.88,129.97],[-72.57,131.47],[-70.95,132.64],[-69.1,133.4],[-67.13,133.72],[-65.13,133.69],[-63.14,133.65],[-61.14,133.6],[-61.04,133.6]]}},{"type":"Feature","properties":{"kind":"center","road_id":"263"},"geometry":{"type":"LineString","coordinates":[[-82.79,120.39],[-82.78,122.39],[-82.77,124.39],[-82.43,126.35],[-81.63,128.18],[-80.43,129.78],[-78.89,131.04],[-77.1,131.92],[-75.21,132.58],[-73.28,133.1],[-71.31,133.46],[-69.32,133.68],[-67.33,133.74],[-65.33,133.7],[-63.33,133.65],[-61.33,133.61],[-61.04,133.6]]}},{"type":"Feature","properties":{"kind":"center","road_id":"270"},"geometry":{"type":"LineString","coordinates":[[-61.21,126.1],[-63.21,126.15],[-65.19,125.9],[-67.04,125.16],[-68.61,123.94],[-69.57,122.2],[-69.79,120.35]]}},{"type":"Feature","properties":{"kind":"center","road_id":"271"},"geometry":{"type":"LineString","coordinates":[[-76.39,146.86],[-76.39,144.86],[-76.4,142.86],[-76.4,140.86],[-76.36,138.86],[-76.28,136.86],[-76.15,134.86],[-76.0,132.87],[-75.88,130.87],[-75.81,128.87],[-75.77,126.87],[-75.77,124.87],[-75.78,122.87],[-75.79,120.87],[-75.79,120.37]]}},{"type":"Feature","properties":{"kind":"center","road_id":"282"},"geometry":{"type":"LineString","coordinates":[[-79.89,146.87],[-79.89,144.87],[-79.9,142.87],[-79.9,140.87],[-79.86,138.87],[-79.77,136.87],[-79.65,134.87],[-79.5,132.88],[-79.38,130.88],[-79.31,128.89],[-79.27,126.89],[-79.27,124.89],[-79.28,122.89],[-79.29,120.89],[-79.29,120.38]]}},{"type":"Feature","properties":{"kind":"center","road_id":"291"},"geometry":{"type":"LineString","coordinates":[[-82.79,120.39],[-82.78,122.39],[-82.78,124.39],[-82.77,126.39],[-82.79,128.39],[-82.86,130.38],[-82.96,132.38],[-83.1,134.38],[-83.24,136.37],[-83.33,138.37],[-83.39,140.37],[-83.4,142.37],[-83.39,144.37],[-83.39,146.37],[-83.39,146.88]]}},{"type":"Feature","properties":{"kind":"center","road_id":"298"},"geometry":{"type":"LineString","coordinates":[[-86.29,120.4],[-86.28,122.4],[-86.28,124.4],[-86.27,126.4],[-86.29,128.4],[-86.36,130.39],[-86.46,132.39],[-86.6,134.39],[-86.74,136.38],[-86.83,138.38],[-86.89,140.38],[-86.9,142.38],[-86.89,144.38],[-86.89,146.38],[-86.89,146.9]]}},{"type":"Feature","properties":{"kind":"center","road_id":"316"},"geometry":{"type":"LineString","coordinates":[[-98.16,134.44],[-96.17,134.4],[-94.17,134.35],[-92.17,134.31],[-90.17,134.26],[-88.17,134.21],[-86.17,134.17],[-84.17,134.12],[-82.17,134.08],[-80.17,134.03],[-78.17,133.99],[-76.17,133.94],[-74.17,133.9],[-72.17,133.85],[-70.17,133.81],[-68.17,133.76],[-66.17,133.72],[-64.17,133.67],[-62.17,133.63],[-61.04,133.6]]}},{"type":"Feature","properties":{"kind":"center","road_id":"317"},"geometry":{"type":"LineString","coordinates":[[-98.16,134.44],[-96.17,134.4],[-94.17,134.35],[-92.17,134.31],[-90.17,134.26],[-88.17,134.21],[-86.17,134.17],[-84.17,134.12],[-82.17,134.08],[-80.17,134.03],[-78.17,133.99],[-76.17,133.94],[-74.17,133.9],[-72.17,133.85],[-70.17,133.81],[-68.17,133.76],[-66.17,133.72],[-64.17,133.67],[-62.17,133.63],[-61.04,133.6]]}},{"type":"Feature","properties":{"kind":"center","road_id":"324"},"geometry":{"type":"LineString","coordinates":[[-79.89,146.87],[-79.89,144.87],[-80.0,142.87],[-80.55,140.95],[-81.53,139.21],[-82.88,137.75],[-84.54,136.64],[-86.37,135.84],[-88.27,135.21],[-90.21,134.75],[-92.19,134.46],[-94.19,134.36],[-96.19,134.4],[-98.16,134.44]]}},{"type":"Feature","properties":{"kind":"center","road_id":"332"},"geometry":{"type":"LineString","coordinates":[[-98.16,134.44],[-96.17,134.4],[-94.17,134.42],[-92.24,134.91],[-90.52,135.92],[-89.14,137.37],[-88.13,139.09],[-87.4,140.95],[-86.99,142.91],[-86.89,144.9],[-86.89,146.9]]}},{"type":"Feature","properties":{"kind":"center","road_id":"337"},"geometry":{"type":"LineString","coordinates":[[-97.99,141.94],[-96.04,142.31],[-94.41,143.44],[-93.27,145.07],[-92.89,146.92]]}},{"type":"Feature","properties":{"kind":"center","road_id":"338"},"geometry":{"type":"LineString","coordinates":[[-60.87,141.1],[-62.87,141.14],[-64.87,141.19],[-66.85,141.43],[-68.57,142.42],[-69.83,143.96],[-70.38,145.87],[-70.39,146.83]]}},{"type":"Feature","properties":{"kind":"center","road_id":"341"},"geometry":{"type":"LineString","coordinates":[[-76.39,146.86],[-76.39,144.86],[-76.34,142.86],[-75.96,140.9],[-75.22,139.04],[-74.16,137.35],[-72.79,135.9],[-71.13,134.78],[-69.28,134.05],[-67.3,133.74],[-65.3,133.7],[-63.3,133.65],[-61.31,133.61],[-61.04,133.6]]}},{"type":"Feature","properties":{"kind":"center","road_id":"350"},"geometry":{"type":"LineString","coordinates":[[-83.39,146.88],[-83.39,144.88],[-83.28,142.89],[-82.74,140.97],[-81.78,139.22],[-80.46,137.72],[-78.83,136.57],[-77.0,135.76],[-75.11,135.12],[-73.18,134.59],[-71.22,134.18],[-69.24,133.9],[-67.25,133.75],[-65.25,133.7],[-63.25,133.65],[-61.25,133.61],[-61.04,133.6]]}},{"type":"Feature","properties":{"kind":"center","road_id":"357"},"geometry":{"type":"LineString","coordinates":[[96.31,-141.96],[94.37,-142.42],[92.79,-143.62],[91.72,-145.29],[91.42,-147.14]]}},{"type":"Feature","properties":{"kind":"center","road_id":"358"},"geometry":{"type":"LineString","coordinates":[[83.92,-147.4],[83.85,-145.4],[83.88,-143.4],[84.29,-141.45],[85.08,-139.62],[86.23,-137.98],[87.67,-136.6],[89.37,-135.54],[91.24,-134.84],[93.21,-134.53],[95.21,-134.48],[96.15,-134.46]]}},{"type":"Feature","properties":{"kind":"center","road_id":"365"},"geometry":{"type":"LineString","coordinates":[[96.15,-134.46],[94.15,-134.51],[92.15,-134.66],[90.23,-135.18],[88.45,-136.09],[86.88,-137.32],[85.59,-138.85],[84.63,-140.6],[84.03,-142.5],[83.83,-144.49],[83.89,-146.49],[83.92,-147.4]]}},{"type":"Feature","properties":{"kind":"center","road_id":"383"},"geometry":{"type":"LineString","coordinates":[[96.15,-134.46],[94.15,-134.51],[92.15,-134.55],[90.15,-134.59],[88.15,-134.63],[86.15,-134.68],[84.15,-134.72],[82.15,-134.76],[80.15,-134.8],[78.15,-134.85],[76.15,-134.89],[74.15,-134.93],[72.15,-134.98],[70.8,-135.01]]}},{"type":"Feature","properties":{"kind":"center","road_id":"384"},"geometry":{"type":"LineString","coordinates":[[96.15,-134.46],[94.15,-134.51],[92.15,-134.55],[90.15,-134.59],[88.15,-134.63],[86.15,-134.68],[84.15,-134.72],[82.15,-134.76],[80.15,-134.8],[78.15,-134.85],[76.15,-134.89],[74.15,-134.93],[72.15,-134.98],[70.8,-135.01]]}},{"type":"Feature","properties":{"kind":"center","road_id":"391"},"geometry":{"type":"LineString","coordinates":[[95.99,-126.96],[94.01,-126.72],[92.31,-125.71],[91.06,-124.16],[90.54,-122.24],[90.52,-121.8]]}},{"type":"Feature","properties":{"kind":"center","road_id":"394"},"geometry":{"type":"LineString","coordinates":[[96.15,-134.46],[94.15,-134.51],[92.15,-134.45],[90.2,-134.02],[88.37,-133.23],[86.73,-132.09],[85.34,-130.65],[84.25,-128.98],[83.52,-127.12],[83.15,-125.16],[83.07,-123.16],[83.03,-122.07]]}},{"type":"Feature","properties":{"kind":"center","road_id":"399"},"geometry":{"type":"LineString","coordinates":[[96.15,-134.46],[94.15,-134.51],[92.15,-134.46],[90.2,-134.04],[88.36,-133.25],[86.72,-132.11],[85.33,-130.68],[84.25,-129.0],[83.51,-127.15],[83.15,-125.18],[83.07,-123.18],[83.03,-122.07]]}},{"type":"Feature","properties":{"kind":"center","road_id":"406"},"geometry":{"type":"LineString","coordinates":[[83.92,-147.4],[83.85,-145.4],[83.69,-143.41],[83.16,-141.49],[82.27,-139.7],[81.05,-138.12],[79.54,-136.82],[77.8,-135.83],[75.91,-135.2],[73.92,-134.95],[71.92,-134.98],[70.8,-135.01]]}},{"type":"Feature","properties":{"kind":"center","road_id":"413"},"geometry":{"type":"LineString","coordinates":[[83.92,-147.4],[83.85,-145.4],[83.68,-143.41],[83.15,-141.49],[82.25,-139.71],[81.02,-138.13],[79.51,-136.82],[77.78,-135.84],[75.88,-135.2],[73.9,-134.95],[71.9,-134.98],[70.8,-135.01]]}},{"type":"Feature","properties":{"kind":"center","road_id":"418"},"geometry":{"type":"LineString","coordinates":[[76.43,-147.67],[76.08,-145.71],[74.97,-144.06],[73.35,-142.91],[71.41,-142.49],[70.96,-142.5]]}},{"type":"Feature","properties":{"kind":"center","road_id":"434"},"geometry":{"type":"LineString","coordinates":[[83.92,-147.4],[83.85,-145.4],[83.78,-143.4],[83.71,-141.41],[83.64,-139.41],[83.57,-137.41],[83.5,-135.41],[83.43,-133.41],[83.36,-131.41],[83.29,-129.41],[83.22,-127.41],[83.15,-125.42],[83.08,-123.42],[83.03,-122.07]]}},{"type":"Feature","properties":{"kind":"center","road_id":"435"},"geometry":{"type":"LineString","coordinates":[[83.92,-147.4],[83.85,-145.4],[83.78,-143.4],[83.71,-141.41],[83.64,-139.41],[83.57,-137.41],[83.5,-135.41],[83.43,-133.41],[83.36,-131.41],[83.29,-129.41],[83.22,-127.41],[83.15,-125.42],[83.08,-123.42],[83.03,-122.07]]}},{"type":"Feature","properties":{"kind":"center","road_id":"442"},"geometry":{"type":"LineString","coordinates":[[70.8,-135.01],[72.8,-134.96],[74.79,-134.82],[76.72,-134.3],[78.51,-133.41],[80.08,-132.17],[81.37,-130.65],[82.33,-128.9],[82.93,-126.99],[83.13,-125.01],[83.06,-123.01],[83.03,-122.07]]}},{"type":"Feature","properties":{"kind":"center","road_id":"449"},"geometry":{"type":"LineString","coordinates":[[83.03,-122.07],[83.1,-124.07],[83.06,-126.06],[82.64,-128.02],[81.85,-129.85],[80.7,-131.48],[79.25,-132.86],[77.56,-133.92],[75.69,-134.62],[73.72,-134.94],[71.72,-134.99],[70.8,-135.01]]}},{"type":"Feature","properties":{"kind":"center","road_id":"454"},"geometry":{"type":"LineString","coordinates":[[70.64,-127.51],[72.57,-127.05],[74.16,-125.85],[75.23,-124.18],[75.53,-122.33]]}},{"type":"Feature","properties":{"kind":"center","road_id":"456"},"geometry":{"type":"LineString","coordinates":[[-221.63,7.17],[-221.27,5.22],[-220.15,3.58],[-218.54,2.42],[-216.61,2.02]]}},{"type":"Feature","properties":{"kind":"center","road_id":"458"},"geometry":{"type":"LineString","coordinates":[[-225.63,7.29],[-225.69,5.3],[-225.75,3.3],[-225.81,1.3],[-225.87,-0.7],[-225.94,-2.7],[-226.0,-4.7],[-226.06,-6.7],[-226.12,-8.7],[-226.18,-10.7],[-226.25,-12.7],[-226.25,-12.85]]}},{"type":"Feature","properties":{"kind":"center","road_id":"463"},"geometry":{"type":"LineString","coordinates":[[-229.62,7.42],[-229.69,5.42],[-230.26,3.52],[-231.51,1.97],[-233.25,1.01],[-235.22,0.65],[-237.18,0.3],[-237.74,0.19]]}},{"type":"Feature","properties":{"kind":"center","road_id":"467"},"geometry":{"type":"LineString","coordinates":[[-216.57,-5.98],[-218.55,-6.18],[-220.29,-7.13],[-221.58,-8.65],[-222.17,-10.54],[-222.24,-12.54],[-222.25,-12.97]]}},{"type":"Feature","properties":{"kind":"center","road_id":"470"},"geometry":{"type":"LineString","coordinates":[[-216.59,-1.98],[-218.59,-1.99],[-220.59,-2.01],[-222.59,-2.06],[-224.58,-2.16],[-226.58,-2.3],[-228.57,-2.49],[-230.56,-2.71],[-232.54,-2.98],[-234.52,-3.29],[-236.48,-3.64],[-236.98,-3.74]]}},{"type":"Feature","properties":{"kind":"center","road_id":"473"},"geometry":{"type":"LineString","coordinates":[[-230.25,-12.72],[-230.6,-10.77],[-231.73,-9.13],[-233.36,-7.99],[-235.3,-7.57],[-236.21,-7.66]]}},{"type":"Feature","properties":{"kind":"center","road_id":"482"},"geometry":{"type":"LineString","coordinates":[[93.55,2.17],[91.55,2.14],[89.55,2.11],[87.55,2.08],[85.55,2.05],[83.55,2.02],[81.55,1.99],[79.55,1.96],[77.55,1.93],[75.55,1.9],[73.55,1.87],[71.55,1.84],[69.55,1.81],[67.55,1.78],[65.55,1.75],[64.54,1.73]]}},{"type":"Feature","properties":{"kind":"center","road_id":"483"},"geometry":{"type":"LineString","coordinates":[[93.55,2.17],[91.55,2.14],[89.55,2.11],[87.55,2.08],[85.55,2.05],[83.55,2.02],[81.55,1.99],[79.55,1.96],[77.55,1.93],[75.55,1.9],[73.55,1.87],[71.55,1.84],[69.55,1.81],[67.55,1.78],[65.55,1.75],[64.54,1.73]]}},{"type":"Feature","properties":{"kind":"center","road_id":"486"},"geometry":{"type":"LineString","coordinates":[[64.76,-12.76],[66.76,-12.73],[68.7,-13.12],[70.33,-14.26],[71.46,-15.89],[71.84,-17.84],[71.85,-18.07]]}},{"type":"Feature","properties":{"kind":"center","road_id":"489"},"geometry":{"type":"LineString","coordinates":[[79.34,-17.8],[79.27,-15.8],[79.19,-13.81],[78.77,-11.86],[77.89,-10.07],[76.6,-8.54],[74.99,-7.36],[73.2,-6.48],[71.28,-5.92],[69.29,-5.7],[67.29,-5.73],[65.29,-5.76],[64.65,-5.77]]}},{"type":"Feature","properties":{"kind":"center","road_id":"492"},"geometry":{"type":"LineString","coordinates":[[93.76,-12.33],[91.76,-12.36],[89.83,-12.8],[88.24,-13.99],[87.15,-15.66],[86.84,-17.54]]}},{"type":"Feature","properties":{"kind":"center","road_id":"494"},"geometry":{"type":"LineString","coordinates":[[93.66,-5.33],[91.66,-5.36],[89.66,-5.39],[87.67,-5.61],[85.74,-6.13],[83.92,-6.95],[82.25,-8.05],[80.85,-9.47],[79.85,-11.19],[79.31,-13.11],[79.25,-15.11],[79.32,-17.11],[79.34,-17.8]]}},{"type":"Feature","properties":{"kind":"center","road_id":"499"},"geometry":{"type":"LineString","coordinates":[[166.21,-195.65],[164.21,-195.65],[162.21,-195.65],[160.21,-195.59],[158.23,-195.35],[156.28,-194.91],[154.38,-194.28],[152.54,-193.5],[150.65,-192.85],[148.7,-192.4],[146.72,-192.16],[144.72,-192.12],[142.72,-192.17],[140.72,-192.22],[140.61,-192.22]]}},{"type":"Feature","properties":{"kind":"center","road_id":"510"},"geometry":{"type":"LineString","coordinates":[[166.21,-199.15],[164.21,-199.15],[162.21,-199.15],[160.21,-199.09],[158.23,-198.84],[156.28,-198.39],[154.38,-197.76],[152.54,-196.98],[150.65,-196.34],[148.7,-195.89],[146.72,-195.65],[144.72,-195.62],[142.72,-195.67],[140.72,-195.72],[140.7,-195.72]]}},{"type":"Feature","properties":{"kind":"center","road_id":"519"},"geometry":{"type":"LineString","coordinates":[[140.78,-199.22],[142.78,-199.17],[144.78,-199.12],[146.78,-199.15],[148.77,-199.39],[150.72,-199.83],[152.61,-200.48],[154.45,-201.25],[156.35,-201.88],[158.3,-202.33],[160.28,-202.59],[162.28,-202.65],[164.28,-202.65],[166.21,-202.65]]}},{"type":"Feature","properties":{"kind":"center","road_id":"526"},"geometry":{"type":"LineString","coordinates":[[140.87,-202.72],[142.87,-202.67],[144.87,-202.62],[146.87,-202.65],[148.85,-202.9],[150.8,-203.34],[152.7,-203.98],[154.54,-204.76],[156.44,-205.39],[158.38,-205.83],[160.37,-206.09],[162.37,-206.15],[164.37,-206.15],[166.21,-206.15]]}},{"type":"Feature","properties":{"kind":"center","road_id":"531"},"geometry":{"type":"LineString","coordinates":[[141.02,-208.71],[142.97,-209.08],[144.61,-210.21],[145.76,-211.83],[146.15,-213.78],[146.18,-215.77],[146.21,-217.5]]}},{"type":"Feature","properties":{"kind":"center","road_id":"533"},"geometry":{"type":"LineString","coordinates":[[153.08,-181.0],[153.11,-183.0],[153.14,-185.0],[152.8,-186.96],[151.85,-188.71],[150.38,-190.05],[148.61,-190.97],[146.72,-191.62],[144.76,-192.03],[142.77,-192.17],[140.77,-192.22],[140.61,-192.22]]}},{"type":"Feature","properties":{"kind":"center","road_id":"542"},"geometry":{"type":"LineString","coordinates":[[140.46,-186.22],[142.41,-185.85],[144.04,-184.73],[145.19,-183.1],[145.58,-181.15],[145.58,-181.13]]}},{"type":"Feature","properties":{"kind":"center","road_id":"544"},"geometry":{"type":"LineString","coordinates":[[166.21,-212.15],[164.27,-212.56],[162.66,-213.73],[161.55,-215.38],[161.21,-217.24]]}},{"type":"Feature","properties":{"kind":"center","road_id":"545"},"geometry":{"type":"LineString","coordinates":[[166.21,-189.65],[164.23,-189.44],[162.5,-188.46],[161.23,-186.94],[160.66,-185.03],[160.61,-183.03],[160.58,-181.03],[160.58,-180.87]]}},{"type":"Feature","properties":{"kind":"center","road_id":"551"},"geometry":{"type":"LineString","coordinates":[[166.21,-195.65],[164.21,-195.65],[162.21,-195.59],[160.26,-195.17],[158.42,-194.39],[156.77,-193.26],[155.38,-191.84],[154.29,-190.16],[153.55,-188.31],[153.19,-186.34],[153.13,-184.34],[153.1,-182.34],[153.08,-181.0]]}},{"type":"Feature","properties":{"kind":"center","road_id":"574"},"geometry":{"type":"LineString","coordinates":[[153.71,-217.37],[153.67,-215.37],[153.64,-213.37],[153.6,-211.37],[153.57,-209.37],[153.54,-207.37],[153.5,-205.37],[153.47,-203.37],[153.43,-201.37],[153.4,-199.37],[153.36,-197.37],[153.33,-195.37],[153.29,-193.37],[153.26,-191.37],[153.22,-189.38],[153.19,-187.38],[153.15,-185.38],[153.12,-183.38],[153.08,-181.38],[153.08,-181.0]]}},{"type":"Feature","properties":{"kind":"center","road_id":"575"},"geometry":{"type":"LineString","coordinates":[[153.71,-217.37],[153.67,-215.37],[153.64,-213.37],[153.6,-211.37],[153.57,-209.37],[153.54,-207.37],[153.5,-205.37],[153.47,-203.37],[153.43,-201.37],[153.4,-199.37],[153.36,-197.37],[153.33,-195.37],[153.29,-193.37],[153.26,-191.37],[153.22,-189.38],[153.19,-187.38],[153.15,-185.38],[153.12,-183.38],[153.08,-181.38],[153.08,-181.0]]}},{"type":"Feature","properties":{"kind":"center","road_id":"588"},"geometry":{"type":"LineString","coordinates":[[97.3,-196.81],[95.3,-196.86],[93.3,-196.91],[91.3,-196.96],[89.3,-197.01],[87.3,-197.06],[85.3,-197.11],[83.3,-197.16],[81.3,-197.21],[79.3,-197.26],[77.31,-197.31],[75.31,-197.36],[73.31,-197.41],[71.58,-197.46]]}},{"type":"Feature","properties":{"kind":"center","road_id":"589"},"geometry":{"type":"LineString","coordinates":[[97.3,-196.81],[95.3,-196.86],[93.3,-196.91],[91.3,-196.96],[89.3,-197.01],[87.3,-197.06],[85.3,-197.11],[83.3,-197.16],[81.3,-197.21],[79.3,-197.26],[77.31,-197.31],[75.31,-197.36],[73.31,-197.41],[71.58,-197.46]]}},{"type":"Feature","properties":{"kind":"center","road_id":"622"},"geometry":{"type":"LineString","coordinates":[[97.21,-193.31],[95.21,-193.36],[93.21,-193.32],[91.25,-192.94],[89.39,-192.23],[87.67,-191.2],[86.22,-189.84],[85.16,-188.15],[84.56,-186.24],[84.44,-184.25],[84.44,-182.34]]}},{"type":"Feature","properties":{"kind":"center","road_id":"627"},"geometry":{"type":"LineString","coordinates":[[91.94,-182.32],[92.36,-184.26],[93.53,-185.87],[95.18,-186.97],[97.06,-187.31]]}},{"type":"Feature","properties":{"kind":"center","road_id":"628"},"geometry":{"type":"LineString","coordinates":[[97.63,-209.81],[95.65,-210.02],[93.91,-210.98],[92.63,-212.51],[92.04,-214.4],[92.03,-215.39]]}},{"type":"Feature","properties":{"kind":"center","road_id":"631"},"geometry":{"type":"LineString","coordinates":[[84.44,-182.34],[84.44,-184.34],[84.35,-186.34],[83.8,-188.26],[82.79,-189.98],[81.38,-191.39],[79.71,-192.49],[77.88,-193.28],[75.94,-193.75],[73.94,-193.9],[71.95,-193.95],[71.49,-193.96]]}},{"type":"Feature","properties":{"kind":"center","road_id":"640"},"geometry":{"type":"LineString","coordinates":[[71.34,-187.96],[73.32,-187.74],[75.06,-186.78],[76.34,-185.26],[76.92,-183.36],[76.94,-182.36]]}},{"type":"Feature","properties":{"kind":"center","road_id":"643"},"geometry":{"type":"LineString","coordinates":[[77.03,-215.43],[76.61,-213.49],[75.43,-211.89],[73.78,-210.79],[71.9,-210.45]]}},{"type":"Feature","properties":{"kind":"center","road_id":"644"},"geometry":{"type":"LineString","coordinates":[[84.44,-182.34],[84.44,-184.34],[84.45,-186.34],[84.46,-188.34],[84.46,-190.34],[84.47,-192.34],[84.47,-194.34],[84.48,-196.34],[84.48,-198.34],[84.49,-200.34],[84.49,-202.34],[84.5,-204.34],[84.5,-206.34],[84.51,-208.34],[84.51,-210.34],[84.52,-212.34],[84.52,-214.34],[84.53,-215.41]]}},{"type":"Feature","properties":{"kind":"center","road_id":"667"},"geometry":{"type":"LineString","coordinates":[[20.68,-198.73],[18.68,-198.79],[16.68,-198.84],[14.69,-198.89],[12.69,-198.94],[10.69,-198.99],[8.69,-199.04],[6.69,-199.09],[4.69,-199.14],[2.69,-199.19],[0.69,-199.24],[-1.31,-199.29],[-3.31,-199.34],[-5.31,-199.39],[-7.31,-199.44],[-9.31,-199.49],[-11.31,-199.54],[-12.11,-199.56]]}},{"type":"Feature","properties":{"kind":"center","road_id":"668"},"geometry":{"type":"LineString","coordinates":[[20.68,-198.73],[18.68,-198.79],[16.68,-198.84],[14.69,-198.89],[12.69,-198.94],[10.69,-198.99],[8.69,-199.04],[6.69,-199.09],[4.69,-199.14],[2.69,-199.19],[0.69,-199.24],[-1.31,-199.29],[-3.31,-199.34],[-5.31,-199.39],[-7.31,-199.44],[-9.31,-199.49],[-11.31,-199.54],[-12.11,-199.56]]}},{"type":"Feature","properties":{"kind":"center","road_id":"697"},"geometry":{"type":"LineString","coordinates":[[9.31,-184.1],[9.44,-186.09],[9.9,-188.04],[10.69,-189.87],[11.8,-191.54],[13.19,-192.97],[14.83,-194.1],[16.68,-194.86],[18.64,-195.23],[20.6,-195.24]]}},{"type":"Feature","properties":{"kind":"center","road_id":"703"},"geometry":{"type":"LineString","coordinates":[[20.77,-202.23],[18.77,-202.21],[16.79,-201.97],[14.84,-201.51],[12.96,-200.84],[11.17,-199.96],[9.48,-198.88],[7.93,-197.62],[6.53,-196.2],[5.3,-194.62],[4.27,-192.9],[3.45,-191.08],[2.85,-189.17],[2.48,-187.21],[2.34,-185.21],[2.32,-184.27]]}},{"type":"Feature","properties":{"kind":"center","road_id":"711"},"geometry":{"type":"LineString","coordinates":[[20.44,-189.24],[18.49,-188.87],[16.86,-187.74],[15.71,-186.13],[15.32,-184.18],[15.31,-183.95]]}},{"type":"Feature","properties":{"kind":"center","road_id":"713"},"geometry":{"type":"LineString","coordinates":[[5.82,-184.19],[5.84,-186.19],[5.68,-188.18],[5.29,-190.14],[4.67,-192.04],[3.84,-193.86],[2.81,-195.57],[1.59,-197.16],[0.2,-198.59],[-1.35,-199.85],[-3.04,-200.91],[-4.85,-201.78],[-6.74,-202.42],[-8.69,-202.84],[-10.68,-203.02],[-12.02,-203.06]]}},{"type":"Feature","properties":{"kind":"center","road_id":"722"},"geometry":{"type":"LineString","coordinates":[[-12.35,-190.06],[-10.39,-189.71],[-8.74,-188.6],[-7.58,-186.99],[-7.17,-185.05],[-7.18,-184.51]]}},{"type":"Feature","properties":{"kind":"center","road_id":"726"},"geometry":{"type":"LineString","coordinates":[[-1.18,-184.36],[-1.13,-186.36],[-1.16,-188.36],[-1.61,-190.3],[-2.51,-192.08],[-3.81,-193.6],[-5.42,-194.78],[-7.24,-195.58],[-9.2,-195.97],[-11.2,-196.04],[-12.19,-196.06]]}},{"type":"Feature","properties":{"kind":"center","road_id":"742"},"geometry":{"type":"LineString","coordinates":[[-79.72,-150.95],[-79.78,-148.95],[-79.84,-146.95],[-79.88,-144.95],[-79.92,-142.95],[-79.94,-140.95],[-79.96,-138.95],[-79.98,-136.95],[-79.98,-134.95],[-79.98,-132.95],[-79.97,-130.95],[-79.97,-128.95],[-79.96,-126.95],[-79.96,-124.95],[-79.96,-124.93]]}},{"type":"Feature","properties":{"kind":"center","road_id":"743"},"geometry":{"type":"LineString","coordinates":[[-79.72,-150.95],[-79.78,-148.95],[-79.84,-146.95],[-79.88,-144.95],[-79.92,-142.95],[-79.94,-140.95],[-79.96,-138.95],[-79.98,-136.95],[-79.98,-134.95],[-79.98,-132.95],[-79.97,-130.95],[-79.97,-128.95],[-79.96,-126.95],[-79.96,-124.95],[-79.96,-124.93]]}},{"type":"Feature","properties":{"kind":"center","road_id":"776"},"geometry":{"type":"LineString","coordinates":[[-83.22,-151.06],[-83.28,-149.06],[-83.21,-147.07],[-82.71,-145.14],[-81.77,-143.38],[-80.45,-141.88],[-78.82,-140.72],[-77.0,-139.89],[-75.12,-139.21],[-73.2,-138.68],[-71.24,-138.29],[-69.25,-138.05],[-67.25,-137.96],[-65.25,-137.92],[-65.12,-137.92]]}},{"type":"Feature","properties":{"kind":"center","road_id":"783"},"geometry":{"type":"LineString","coordinates":[[-65.12,-137.92],[-67.12,-137.96],[-69.11,-138.11],[-71.01,-138.71],[-72.7,-139.77],[-74.07,-141.22],[-75.11,-142.92],[-75.84,-144.78],[-76.23,-146.74],[-76.29,-148.74],[-76.23,-150.74],[-76.23,-150.84]]}},{"type":"Feature","properties":{"kind":"center","road_id":"789"},"geometry":{"type":"LineString","coordinates":[[-70.23,-150.64],[-69.89,-148.69],[-68.79,-147.03],[-67.2,-145.85],[-65.26,-145.42],[-64.96,-145.42]]}},{"type":"Feature","properties":{"kind":"center","road_id":"791"},"geometry":{"type":"LineString","coordinates":[[-86.72,-151.17],[-86.78,-149.18],[-86.91,-147.18],[-87.36,-145.24],[-88.14,-143.4],[-89.23,-141.72],[-90.64,-140.3],[-92.34,-139.27],[-94.25,-138.69],[-96.24,-138.58],[-98.24,-138.63],[-99.6,-138.66]]}},{"type":"Feature","properties":{"kind":"center","road_id":"800"},"geometry":{"type":"LineString","coordinates":[[-79.72,-150.95],[-79.78,-148.95],[-79.97,-146.96],[-80.58,-145.06],[-81.61,-143.35],[-83.0,-141.92],[-84.68,-140.85],[-86.53,-140.1],[-88.44,-139.5],[-90.39,-139.05],[-92.37,-138.74],[-94.36,-138.59],[-96.36,-138.59],[-98.36,-138.63],[-99.6,-138.66]]}},{"type":"Feature","properties":{"kind":"center","road_id":"806"},"geometry":{"type":"LineString","coordinates":[[-92.72,-151.37],[-93.05,-149.41],[-94.13,-147.74],[-95.73,-146.56],[-97.67,-146.12],[-99.44,-146.15]]}},{"type":"Feature","properties":{"kind":"center","road_id":"809"},"geometry":{"type":"LineString","coordinates":[[-65.12,-137.92],[-67.12,-137.96],[-69.12,-137.96],[-71.11,-137.81],[-73.09,-137.51],[-75.03,-137.04],[-76.93,-136.42],[-78.77,-135.65],[-80.44,-134.55],[-81.8,-133.09],[-82.79,-131.36],[-83.35,-129.44],[-83.46,-127.45],[-83.46,-125.45],[-83.46,-124.92]]}},{"type":"Feature","properties":{"kind":"center","road_id":"817"},"geometry":{"type":"LineString","coordinates":[[-65.12,-137.92],[-67.12,-137.96],[-69.11,-137.88],[-71.03,-137.33],[-72.73,-136.3],[-74.12,-134.86],[-75.18,-133.17],[-75.93,-131.32],[-76.36,-129.37],[-76.46,-127.37],[-76.46,-125.37],[-76.46,-124.94]]}},{"type":"Feature","properties":{"kind":"center","road_id":"822"},"geometry":{"type":"LineString","coordinates":[[-70.46,-124.96],[-70.18,-126.93],[-69.17,-128.64],[-67.61,-129.87],[-65.7,-130.41],[-65.28,-130.42]]}},{"type":"Feature","properties":{"kind":"center","road_id":"823"},"geometry":{"type":"LineString","coordinates":[[-86.96,-124.91],[-86.96,-126.91],[-86.98,-128.91],[-87.27,-130.89],[-87.9,-132.79],[-88.84,-134.55],[-90.08,-136.11],[-91.65,-137.35],[-93.47,-138.18],[-95.42,-138.56],[-97.42,-138.61],[-99.42,-138.65],[-99.6,-138.66]]}},{"type":"Feature","properties":{"kind":"center","road_id":"831"},"geometry":{"type":"LineString","coordinates":[[-99.6,-138.66],[-97.6,-138.61],[-95.6,-138.57],[-93.6,-138.43],[-91.63,-138.14],[-89.68,-137.71],[-87.76,-137.12],[-85.9,-136.39],[-84.12,-135.48],[-82.57,-134.22],[-81.33,-132.66],[-80.47,-130.86],[-80.02,-128.91],[-79.96,-126.92],[-79.96,-124.93]]}},{"type":"Feature","properties":{"kind":"center","road_id":"838"},"geometry":{"type":"LineString","coordinates":[[-92.96,-124.9],[-93.26,-126.86],[-94.28,-128.57],[-95.7,-129.97],[-97.47,-130.87],[-99.45,-131.15],[-99.76,-131.16]]}},{"type":"Feature","properties":{"kind":"center","road_id":"852"},"geometry":{"type":"LineString","coordinates":[[-65.12,-137.92],[-67.12,-137.96],[-69.12,-138.0],[-71.12,-138.05],[-73.11,-138.09],[-75.11,-138.13],[-77.11,-138.17],[-79.11,-138.22],[-81.11,-138.26],[-83.11,-138.3],[-85.11,-138.35],[-87.11,-138.39],[-89.11,-138.43],[-91.11,-138.47],[-93.11,-138.52],[-95.11,-138.56],[-97.11,-138.6],[-99.11,-138.65],[-99.6,-138.66]]}},{"type":"Feature","properties":{"kind":"center","road_id":"853"},"geometry":{"type":"LineString","coordinates":[[-65.12,-137.92],[-67.12,-137.96],[-69.12,-138.0],[-71.12,-138.05],[-73.11,-138.09],[-75.11,-138.13],[-77.11,-138.17],[-79.11,-138.22],[-81.11,-138.26],[-83.11,-138.3],[-85.11,-138.35],[-87.11,-138.39],[-89.11,-138.43],[-91.11,-138.47],[-93.11,-138.52],[-95.11,-138.56],[-97.11,-138.6],[-99.11,-138.65],[-99.6,-138.66]]}},{"type":"Feature","properties":{"kind":"center","road_id":"874"},"geometry":{"type":"LineString","coordinates":[[-79.64,-10.42],[-79.64,-8.42],[-79.63,-6.42],[-79.63,-4.42],[-79.62,-2.42],[-79.62,-0.42],[-79.61,1.58],[-79.61,3.58],[-79.6,5.58],[-79.59,7.58],[-79.59,9.58],[-79.58,11.58],[-79.58,13.58],[-79.57,15.58],[-79.57,17.58],[-79.56,19.58],[-79.56,21.58],[-79.55,23.58],[-79.55,25.58],[-79.54,27.58],[-79.54,28.55]]}},{"type":"Feature","properties":{"kind":"center","road_id":"875"},"geometry":{"type":"LineString","coordinates":[[-79.64,-10.42],[-79.64,-8.42],[-79.63,-6.42],[-79.63,-4.42],[-79.62,-2.42],[-79.62,-0.42],[-79.61,1.58],[-79.61,3.58],[-79.6,5.58],[-79.59,7.58],[-79.59,9.58],[-79.58,11.58],[-79.58,13.58],[-79.57,15.58],[-79.57,17.58],[-79.56,19.58],[-79.56,21.58],[-79.55,23.58],[-79.55,25.58],[-79.54,27.58],[-79.54,28.55]]}},{"type":"Feature","properties":{"kind":"center","road_id":"906"},"geometry":{"type":"LineString","coordinates":[[-86.64,-10.4],[-86.64,-8.4],[-86.63,-6.4],[-86.69,-4.41],[-86.9,-2.42],[-87.24,-0.45],[-87.72,1.49],[-88.35,3.39],[-89.11,5.24],[-90.02,7.02],[-91.08,8.72],[-92.28,10.32],[-93.61,11.81],[-95.01,13.24],[-96.42,14.66],[-97.82,16.08],[-99.23,17.5],[-100.64,18.93],[-102.04,20.35],[-103.45,21.77],[-103.94,22.26]]}},{"type":"Feature","properties":{"kind":"center","road_id":"911"},"geometry":{"type":"LineString","coordinates":[[-79.64,-10.42],[-79.64,-8.42],[-79.85,-6.44],[-80.68,-4.63],[-82.07,-3.2],[-83.85,-2.31],[-85.81,-1.97],[-87.8,-1.74],[-89.79,-1.56],[-91.79,-1.44],[-93.79,-1.37],[-95.79,-1.36],[-97.69,-1.37]]}},{"type":"Feature","properties":{"kind":"center","road_id":"918"},"geometry":{"type":"LineString","coordinates":[[-86.64,-10.4],[-86.64,-8.4],[-86.86,-6.42],[-87.72,-4.63],[-89.14,-3.23],[-90.9,-2.29],[-92.79,-1.67],[-94.77,-1.38],[-96.77,-1.36],[-97.69,-1.37]]}},{"type":"Feature","properties":{"kind":"center","road_id":"924"},"geometry":{"type":"LineString","coordinates":[[-92.64,-10.39],[-93.05,-8.44],[-94.21,-6.83],[-95.86,-5.72],[-97.67,-5.37]]}},{"type":"Feature","properties":{"kind":"center","road_id":"925"},"geometry":{"type":"LineString","coordinates":[[-65.05,-1.2],[-67.05,-1.21],[-69.04,-1.33],[-70.99,-1.8],[-72.82,-2.6],[-74.43,-3.77],[-75.57,-5.4],[-76.11,-7.32],[-76.14,-9.32],[-76.14,-10.43]]}},{"type":"Feature","properties":{"kind":"center","road_id":"934"},"geometry":{"type":"LineString","coordinates":[[-83.14,-10.41],[-83.14,-8.41],[-82.9,-6.44],[-82.05,-4.64],[-80.66,-3.21],[-78.88,-2.31],[-76.92,-1.94],[-74.94,-1.68],[-72.95,-1.47],[-70.95,-1.33],[-68.96,-1.24],[-66.96,-1.21],[-65.05,-1.2]]}},{"type":"Feature","properties":{"kind":"center","road_id":"940"},"geometry":{"type":"LineString","coordinates":[[-70.14,-10.45],[-69.82,-8.49],[-68.74,-6.83],[-67.14,-5.64],[-65.2,-5.2],[-65.03,-5.2]]}},{"type":"Feature","properties":{"kind":"center","road_id":"943"},"geometry":{"type":"LineString","coordinates":[[-101.45,24.72],[-100.04,23.3],[-98.64,21.88],[-97.23,20.46],[-95.82,19.04],[-94.4,17.63],[-92.92,16.29],[-91.37,15.02],[-89.76,13.83],[-88.1,12.73],[-86.39,11.68],[-84.68,10.65],[-82.88,9.8],[-80.96,10.18],[-79.73,11.71],[-79.58,13.69],[-79.57,15.69],[-79.57,17.69],[-79.56,19.69],[-79.56,21.69],[-79.55,23.69],[-79.54,25.69],[-79.54,27.69],[-79.54,28.55]]}},{"type":"Feature","properties":{"kind":"center","road_id":"948"},"geometry":{"type":"LineString","coordinates":[[-101.09,25.08],[-99.43,23.99],[-97.47,23.67],[-95.55,24.17],[-93.89,25.27],[-92.83,26.95],[-92.54,28.58]]}},{"type":"Feature","properties":{"kind":"center","road_id":"949"},"geometry":{"type":"LineString","coordinates":[[-97.69,-1.37],[-95.69,-1.36],[-93.69,-1.27],[-91.72,-0.97],[-89.79,-0.44],[-87.93,0.3],[-86.17,1.24],[-84.52,2.37],[-83.04,3.71],[-81.78,5.27],[-80.79,7.0],[-80.08,8.87],[-79.68,10.83],[-79.58,12.82],[-79.57,14.82],[-79.57,16.82],[-79.56,18.82],[-79.56,20.82],[-79.55,22.82],[-79.55,24.82],[-79.54,26.82],[-79.54,28.55]]}},{"type":"Feature","properties":{"kind":"center","road_id":"956"},"geometry":{"type":"LineString","coordinates":[[-86.54,28.57],[-86.54,26.57],[-86.55,24.57],[-86.55,22.57],[-86.56,20.57],[-86.58,18.57],[-86.64,16.57],[-86.74,14.57],[-86.88,12.57],[-87.06,10.58],[-87.28,8.59],[-87.54,6.61],[-87.89,4.64],[-88.65,2.8],[-89.84,1.2],[-91.38,-0.07],[-93.18,-0.93],[-95.13,-1.33],[-97.13,-1.37],[-97.69,-1.37]]}},{"type":"Feature","properties":{"kind":"center","road_id":"960"},"geometry":{"type":"LineString","coordinates":[[-70.04,28.52],[-70.04,26.52],[-70.05,24.52],[-70.05,22.52],[-70.06,20.52],[-70.06,18.52],[-70.07,16.52],[-70.08,14.52],[-70.08,12.52],[-70.09,10.52],[-70.09,8.52],[-69.92,6.54],[-69.01,4.77],[-67.51,3.46],[-65.63,2.83],[-65.07,2.8]]}},{"type":"Feature","properties":{"kind":"center","road_id":"967"},"geometry":{"type":"LineString","coordinates":[[-65.05,-1.2],[-67.05,-1.21],[-69.04,-1.06],[-70.92,-0.39],[-72.56,0.74],[-73.85,2.26],[-74.81,4.01],[-75.51,5.89],[-75.94,7.84],[-76.09,9.83],[-76.08,11.83],[-76.08,13.83],[-76.07,15.83],[-76.07,17.83],[-76.06,19.83],[-76.06,21.83],[-76.05,23.83],[-76.04,25.83],[-76.04,27.83],[-76.04,28.54]]}},{"type":"Feature","properties":{"kind":"center","road_id":"974"},"geometry":{"type":"LineString","coordinates":[[-65.05,-1.2],[-67.05,-1.21],[-69.05,-1.15],[-71.02,-0.81],[-72.92,-0.19],[-74.71,0.7],[-76.35,1.84],[-77.81,3.2],[-79.07,4.75],[-80.14,6.44],[-81.06,8.22],[-81.81,10.07],[-82.39,11.98],[-82.79,13.94],[-83.02,15.93],[-83.07,17.93],[-83.06,19.93],[-83.06,21.93],[-83.05,23.93],[-83.04,25.93],[-83.04,27.93],[-83.04,28.56]]}},{"type":"Feature","properties":{"kind":"center","road_id":"980"},"geometry":{"type":"LineString","coordinates":[[-103.94,22.26],[-102.53,20.84],[-101.12,19.42],[-99.72,18.0],[-98.31,16.57],[-96.91,15.15],[-95.5,13.73],[-94.15,12.25],[-93.07,10.57],[-92.29,8.73],[-91.84,6.79],[-91.68,4.8],[-91.58,2.8],[-92.06,0.88],[-93.37,-0.61],[-95.21,-1.32],[-97.21,-1.37],[-97.69,-1.37]]}},{"type":"Feature","properties":{"kind":"center","road_id":"985"},"geometry":{"type":"LineString","coordinates":[[-106.78,19.45],[-105.37,18.03],[-103.97,16.61],[-102.56,15.18],[-101.16,13.76],[-99.75,12.34],[-98.34,10.92],[-96.94,9.5],[-95.53,8.07],[-94.68,6.3],[-94.99,4.35],[-96.33,2.92],[-97.71,2.63]]}},{"type":"Feature","properties":{"kind":"center","road_id":"990"},"geometry":{"type":"LineString","coordinates":[[-65.05,-1.2],[-67.05,-1.21],[-69.05,-1.22],[-71.05,-1.16],[-73.03,-0.88],[-74.96,-0.37],[-76.82,0.36],[-78.59,1.3],[-80.23,2.43],[-81.74,3.75],[-83.08,5.23],[-84.38,6.75],[-85.69,8.26],[-87.01,9.76],[-88.35,11.25],[-89.7,12.72],[-91.07,14.17],[-92.46,15.62],[-93.86,17.05],[-95.26,18.47],[-96.67,19.89],[-98.08,21.31],[-99.48,22.74],[-100.89,24.16],[-101.45,24.72]]}},{"type":"Feature","properties":{"kind":"center","road_id":"1017"},"geometry":{"type":"LineString","coordinates":[[-65.05,-1.2],[-67.05,-1.21],[-69.05,-1.22],[-71.05,-1.23],[-73.05,-1.24],[-75.05,-1.25],[-77.05,-1.26],[-79.05,-1.27],[-81.05,-1.28],[-83.05,-1.29],[-85.05,-1.3],[-87.05,-1.31],[-89.05,-1.33],[-91.05,-1.34],[-93.05,-1.35],[-95.05,-1.36],[-97.05,-1.37],[-97.69,-1.37]]}},{"type":"Feature","properties":{"kind":"center","road_id":"1018"},"geometry":{"type":"LineString","coordinates":[[-65.05,-1.2],[-67.05,-1.21],[-69.05,-1.22],[-71.05,-1.23],[-73.05,-1.24],[-75.05,-1.25],[-77.05,-1.26],[-79.05,-1.27],[-81.05,-1.28],[-83.05,-1.29],[-85.05,-1.3],[-87.05,-1.31],[-89.05,-1.33],[-91.05,-1.34],[-93.05,-1.35],[-95.05,-1.36],[-97.05,-1.37],[-97.69,-1.37]]}},{"type":"Feature","properties":{"kind":"center","road_id":"1020"},"geometry":{"type":"LineString","coordinates":[[-7.6,156.67],[-7.59,158.67],[-7.59,160.67],[-7.78,162.65],[-8.26,164.6],[-9.01,166.44],[-10.23,168.02],[-11.86,169.17],[-13.73,169.87],[-15.62,170.52],[-17.52,171.17],[-19.41,171.82],[-21.3,172.47],[-21.9,172.68]]}},{"type":"Feature","properties":{"kind":"center","road_id":"1030"},"geometry":{"type":"LineString","coordinates":[[-0.1,156.62],[-0.09,158.62],[-0.08,160.62],[-0.06,162.62],[-0.05,164.62],[-0.04,166.62],[-0.03,168.62],[-0.01,170.62],[-0.0,172.62],[0.01,174.62],[0.02,176.62],[0.04,178.62],[0.04,179.23]]}},{"type":"Feature","properties":{"kind":"center","road_id":"1031"},"geometry":{"type":"LineString","coordinates":[[-0.1,156.62],[-0.09,158.62],[-0.08,160.62],[-0.06,162.62],[-0.05,164.62],[-0.04,166.62],[-0.03,168.62],[-0.01,170.62],[-0.0,172.62],[0.01,174.62],[0.02,176.62],[0.04,178.62],[0.04,179.23]]}},{"type":"Feature","properties":{"kind":"center","road_id":"1035"},"geometry":{"type":"LineString","coordinates":[[-21.73,173.15],[-19.83,172.53],[-17.85,172.4],[-15.99,173.1],[-14.49,174.4],[-13.61,176.18],[-13.47,178.17],[-13.46,179.31]]}},{"type":"Feature","properties":{"kind":"center","road_id":"1049"},"geometry":{"type":"LineString","coordinates":[[185.66,60.6],[183.66,60.6],[181.66,60.61],[179.66,60.61],[177.66,60.62],[175.66,60.63],[173.66,60.63],[171.66,60.64],[169.66,60.64],[167.66,60.65],[165.66,60.65],[163.66,60.66],[161.66,60.66],[159.66,60.67],[157.66,60.67],[155.66,60.68],[153.66,60.68],[151.66,60.69],[150.96,60.69]]}},{"type":"Feature","properties":{"kind":"center","road_id":"1050"},"geometry":{"type":"LineString","coordinates":[[185.66,60.6],[183.66,60.6],[181.66,60.61],[179.66,60.61],[177.66,60.62],[175.66,60.63],[173.66,60.63],[171.66,60.64],[169.66,60.64],[167.66,60.65],[165.66,60.65],[163.66,60.66],[161.66,60.66],[159.66,60.67],[157.66,60.67],[155.66,60.68],[153.66,60.68],[151.66,60.69],[150.96,60.69]]}},{"type":"Feature","properties":{"kind":"center","road_id":"1054"},"geometry":{"type":"LineString","coordinates":[[185.68,67.6],[183.68,67.6],[181.69,67.75],[179.81,68.42],[178.2,69.59],[176.97,71.16],[176.19,73.0],[175.92,74.98],[175.92,76.98],[175.92,78.51]]}},{"type":"Feature","properties":{"kind":"center","road_id":"1059"},"geometry":{"type":"LineString","coordinates":[[168.92,78.51],[168.92,76.51],[168.92,74.51],[168.92,72.51],[169.03,70.51],[169.45,68.56],[170.16,66.69],[171.16,64.96],[172.42,63.41],[173.97,62.16],[175.75,61.25],[177.68,60.73],[179.67,60.61],[181.67,60.61],[183.67,60.6],[185.66,60.6]]}},{"type":"Feature","properties":{"kind":"center","road_id":"1066"},"geometry":{"type":"LineString","coordinates":[[185.66,60.6],[183.66,60.69],[181.69,61.01],[179.77,61.57],[177.93,62.34],[176.19,63.33],[174.58,64.51],[173.12,65.88],[171.84,67.42],[170.78,69.11],[169.95,70.92],[169.35,72.83],[169.01,74.8],[168.92,76.8],[168.92,78.51]]}},{"type":"Feature","properties":{"kind":"center","road_id":"1069"},"geometry":{"type":"LineString","coordinates":[[150.98,67.69],[152.98,67.68],[154.96,67.89],[156.86,68.52],[158.58,69.54],[160.03,70.9],[161.11,72.58],[161.75,74.47],[161.92,76.46],[161.92,78.46],[161.92,78.51]]}},{"type":"Feature","properties":{"kind":"center","road_id":"1070"},"geometry":{"type":"LineString","coordinates":[[168.92,78.51],[168.92,76.51],[168.78,74.52],[168.38,72.56],[167.72,70.67],[166.82,68.89],[165.69,67.24],[164.35,65.76],[162.83,64.46],[161.18,63.33],[159.41,62.4],[157.56,61.66],[155.63,61.12],[153.66,60.8],[151.66,60.69],[150.96,60.69]]}},{"type":"Feature","properties":{"kind":"center","road_id":"1073"},"geometry":{"type":"LineString","coordinates":[[168.92,78.51],[168.92,76.51],[168.92,74.51],[168.92,72.51],[168.84,70.51],[168.43,68.56],[167.7,66.7],[166.67,64.99],[165.37,63.46],[163.87,62.15],[162.1,61.23],[160.17,60.74],[158.17,60.67],[156.17,60.68],[154.17,60.68],[152.17,60.69],[150.96,60.69]]}},{"type":"Feature","properties":{"kind":"center","road_id":"1083"},"geometry":{"type":"LineString","coordinates":[[0.72,-25.29],[2.71,-25.11],[4.21,-25.97],[3.8,-27.92],[3.68,-28.44]]}},{"type":"Feature","properties":{"kind":"center","road_id":"1089"},"geometry":{"type":"LineString","coordinates":[[0.52,-21.29],[2.51,-21.1],[4.48,-20.72],[6.39,-20.15],[8.25,-19.4],[10.02,-18.48],[11.7,-17.4],[13.27,-16.16],[14.72,-14.78],[16.09,-13.33],[17.35,-11.77],[18.63,-10.24],[20.13,-8.91],[21.81,-7.85],[23.65,-7.07],[25.59,-6.59],[27.59,-6.43],[29.39,-6.37]]}},{"type":"Feature","properties":{"kind":"center","road_id":"1100"},"geometry":{"type":"LineString","coordinates":[[21.19,-0.18],[21.04,-2.17],[20.7,-4.14],[20.18,-6.07],[19.47,-7.94],[18.59,-9.74],[17.54,-11.44],[16.34,-13.04],[14.99,-14.51],[13.55,-15.9],[12.01,-17.17],[10.35,-18.29],[8.59,-19.24],[6.75,-20.02],[4.84,-20.62],[2.89,-21.04],[0.9,-21.27],[0.52,-21.29]]}},{"type":"Feature","properties":{"kind":"center","road_id":"1105"},"geometry":{"type":"LineString","coordinates":[[7.1,-29.18],[7.57,-27.23],[8.15,-25.32],[8.88,-23.45],[9.73,-21.65],[10.72,-19.91],[11.82,-18.24],[13.04,-16.66],[14.38,-15.17],[15.75,-13.71],[17.03,-12.17],[18.28,-10.61],[19.72,-9.23],[21.36,-8.09],[23.17,-7.24],[25.09,-6.68],[27.07,-6.44],[29.07,-6.38],[29.39,-6.37]]}},{"type":"Feature","properties":{"kind":"center","road_id":"1113"},"geometry":{"type":"LineString","coordinates":[[11.84,-30.2],[12.31,-28.26],[12.91,-26.35],[13.54,-24.45],[14.27,-22.59],[15.19,-20.81],[16.28,-19.14],[17.53,-17.58],[18.93,-16.15],[20.45,-14.85],[22.0,-13.59],[23.73,-12.58],[25.61,-11.93],[27.59,-11.67],[29.55,-11.6]]}},{"type":"Feature","properties":{"kind":"center","road_id":"1122"},"geometry":{"type":"LineString","coordinates":[[21.19,-0.18],[21.04,-2.17],[20.7,-4.14],[20.18,-6.07],[19.47,-7.94],[18.59,-9.74],[17.54,-11.44],[16.34,-13.04],[14.99,-14.52],[13.63,-15.98],[12.36,-17.52],[11.2,-19.15],[10.16,-20.86],[9.24,-22.64],[8.46,-24.48],[7.81,-26.37],[7.3,-28.3],[7.1,-29.18]]}},{"type":"Feature","properties":{"kind":"center","road_id":"1132"},"geometry":{"type":"LineString","coordinates":[[29.26,-2.37],[27.26,-2.32],[25.53,-1.4],[25.19,-0.29]]}},{"type":"Feature","properties":{"kind":"center","road_id":"1136"},"geometry":{"type":"LineString","coordinates":[[220.83,14.07],[222.83,14.18],[224.65,14.96],[226.05,16.38],[226.82,18.21],[226.88,20.2],[226.85,21.21]]}},{"type":"Feature","properties":{"kind":"center","road_id":"1142"},"geometry":{"type":"LineString","coordinates":[[232.85,21.35],[232.9,19.35],[232.95,17.35],[232.99,15.36],[233.01,13.36],[232.49,11.44],[231.35,9.8],[229.71,8.67],[227.78,8.18],[225.78,8.14],[223.78,8.11],[221.78,8.08],[220.92,8.07]]}},{"type":"Feature","properties":{"kind":"center","road_id":"1146"},"geometry":{"type":"LineString","coordinates":[[236.35,21.44],[236.4,19.44],[236.45,17.44],[236.49,15.44],[236.54,13.44],[236.5,11.44],[235.98,9.52],[234.98,7.79],[233.57,6.38],[231.86,5.36],[229.95,4.79],[227.95,4.68],[225.95,4.65],[223.95,4.62],[221.95,4.59],[220.97,4.57]]}},{"type":"Feature","properties":{"kind":"center","road_id":"1149"},"geometry":{"type":"LineString","coordinates":[[221.2,-10.43],[223.2,-10.43],[225.09,-11.03],[226.61,-12.32],[227.55,-14.06],[227.76,-16.05],[227.79,-17.28]]}},{"type":"Feature","properties":{"kind":"center","road_id":"1156"},"geometry":{"type":"LineString","coordinates":[[237.28,-17.05],[237.24,-15.05],[237.19,-13.05],[237.14,-11.05],[237.09,-9.05],[237.02,-7.05],[236.56,-5.11],[235.58,-3.38],[234.15,-1.98],[232.44,-0.96],[230.57,-0.25],[228.61,0.11],[226.61,0.15],[224.61,0.12],[222.61,0.09],[221.04,0.07]]}},{"type":"Feature","properties":{"kind":"center","road_id":"1158"},"geometry":{"type":"LineString","coordinates":[[233.79,-17.13],[233.74,-15.14],[233.69,-13.14],[233.64,-11.14],[233.59,-9.14],[233.24,-7.18],[232.19,-5.49],[230.6,-4.29],[228.74,-3.57],[226.76,-3.34],[224.76,-3.37],[222.76,-3.4],[221.09,-3.43]]}},{"type":"Feature","properties":{"kind":"center","road_id":"1165"},"geometry":{"type":"LineString","coordinates":[[240.78,-16.97],[240.73,-14.97],[240.69,-12.97],[240.64,-10.97],[240.59,-8.97],[240.54,-6.97],[240.49,-4.97],[240.44,-2.97],[240.39,-0.97],[240.35,1.03],[240.3,3.03],[240.25,5.03],[240.2,7.03],[240.15,9.03],[240.1,11.03],[240.05,13.03],[240.01,15.03],[239.96,17.02],[239.91,19.02],[239.86,21.02],[239.85,21.52]]}},{"type":"Feature","properties":{"kind":"center","road_id":"1166"},"geometry":{"type":"LineString","coordinates":[[240.78,-16.97],[240.73,-14.97],[240.69,-12.97],[240.64,-10.97],[240.59,-8.97],[240.54,-6.97],[240.49,-4.97],[240.44,-2.97],[240.39,-0.97],[240.35,1.03],[240.3,3.03],[240.25,5.03],[240.2,7.03],[240.15,9.03],[240.1,11.03],[240.05,13.03],[240.01,15.03],[239.96,17.02],[239.91,19.02],[239.86,21.02],[239.85,21.52]]}},{"type":"Feature","properties":{"kind":"center","road_id":"1173"},"geometry":{"type":"LineString","coordinates":[[164.42,3.23],[162.42,3.2],[160.42,3.17],[158.42,3.14],[156.42,3.11],[154.42,3.08],[152.42,3.05],[150.42,3.02],[148.42,2.99],[146.42,2.96],[144.42,2.93],[142.42,2.9],[140.42,2.87],[138.42,2.84],[136.42,2.81],[135.42,2.79]]}},{"type":"Feature","properties":{"kind":"center","road_id":"1174"},"geometry":{"type":"LineString","coordinates":[[164.42,3.23],[162.42,3.2],[160.42,3.17],[158.42,3.14],[156.42,3.11],[154.42,3.08],[152.42,3.05],[150.42,3.02],[148.42,2.99],[146.42,2.96],[144.42,2.93],[142.42,2.9],[140.42,2.87],[138.42,2.84],[136.42,2.81],[135.42,2.79]]}},{"type":"Feature","properties":{"kind":"center","road_id":"1179"},"geometry":{"type":"LineString","coordinates":[[164.63,-11.27],[162.64,-11.3],[160.7,-11.75],[159.11,-12.94],[158.03,-14.6],[157.71,-16.39]]}},{"type":"Feature","properties":{"kind":"center","road_id":"1181"},"geometry":{"type":"LineString","coordinates":[[164.53,-4.27],[162.53,-4.39],[160.56,-4.69],[158.62,-5.17],[156.73,-5.84],[154.92,-6.68],[153.25,-7.77],[151.88,-9.22],[150.88,-10.95],[150.31,-12.86],[150.19,-14.85],[150.22,-16.52]]}},{"type":"Feature","properties":{"kind":"center","road_id":"1185"},"geometry":{"type":"LineString","coordinates":[[135.64,-11.71],[137.64,-11.68],[139.59,-12.06],[141.21,-13.2],[142.35,-14.83],[142.72,-16.65]]}},{"type":"Feature","properties":{"kind":"center","road_id":"1188"},"geometry":{"type":"LineString","coordinates":[[150.22,-16.52],[150.18,-14.52],[149.91,-12.54],[149.19,-10.68],[148.07,-9.03],[146.6,-7.68],[144.86,-6.7],[143.02,-5.93],[141.11,-5.34],[139.15,-4.95],[137.16,-4.74],[135.53,-4.71]]}},{"type":"Feature","properties":{"kind":"center","road_id":"1192"},"geometry":{"type":"LineString","coordinates":[[46.35,5.46],[44.35,5.43],[42.35,5.4],[40.35,5.37],[38.35,5.35],[36.35,5.34],[34.35,5.33],[32.41,5.33]]}},{"type":"Feature","properties":{"kind":"center","road_id":"1197"},"geometry":{"type":"LineString","coordinates":[[46.52,-6.04],[44.52,-6.07],[42.52,-6.1],[40.52,-6.13],[38.52,-6.16],[36.52,-6.19],[34.52,-6.23],[32.53,-6.27],[31.72,-6.3]]}},{"type":"Feature","properties":{"kind":"center","road_id":"1202"},"geometry":{"type":"LineString","coordinates":[[32.4,1.41],[34.4,1.41],[35.94,0.34],[35.75,-1.59],[33.98,-2.29],[31.98,-2.34],[31.62,-2.35]]}},{"type":"Feature","properties":{"kind":"center","road_id":"1206"},"geometry":{"type":"LineString","coordinates":[[16.8,13.22],[17.95,11.59],[18.93,9.85],[19.75,8.02],[20.39,6.13],[20.85,4.18],[21.12,2.2],[21.2,0.54]]}},{"type":"Feature","properties":{"kind":"center","road_id":"1214"},"geometry":{"type":"LineString","coordinates":[[16.8,13.22],[17.95,11.59],[19.14,9.98],[20.55,8.57],[22.16,7.38],[23.93,6.45],[25.81,5.79],[27.78,5.43],[29.02,5.35]]}},{"type":"Feature","properties":{"kind":"center","road_id":"1219"},"geometry":{"type":"LineString","coordinates":[[25.19,0.57],[26.61,1.55],[28.6,1.36],[28.95,1.35]]}},{"type":"Feature","properties":{"kind":"center","road_id":"1229"},"geometry":{"type":"LineString","coordinates":[[19.17,-136.11],[17.17,-136.15],[15.17,-136.2],[13.18,-136.24],[11.18,-136.28],[9.18,-136.33],[7.18,-136.37],[5.18,-136.41],[3.18,-136.45],[1.18,-136.5],[-0.82,-136.54],[-2.82,-136.58],[-4.82,-136.63],[-6.82,-136.67],[-8.82,-136.71],[-10.82,-136.75],[-12.82,-136.8],[-13.4,-136.81]]}},{"type":"Feature","properties":{"kind":"center","road_id":"1230"},"geometry":{"type":"LineString","coordinates":[[19.17,-136.11],[17.17,-136.15],[15.17,-136.2],[13.18,-136.24],[11.18,-136.28],[9.18,-136.33],[7.18,-136.37],[5.18,-136.41],[3.18,-136.45],[1.18,-136.5],[-0.82,-136.54],[-2.82,-136.58],[-4.82,-136.63],[-6.82,-136.67],[-8.82,-136.71],[-10.82,-136.75],[-12.82,-136.8],[-13.4,-136.81]]}},{"type":"Feature","properties":{"kind":"center","road_id":"1243"},"geometry":{"type":"LineString","coordinates":[[19.17,-136.11],[17.17,-136.15],[15.18,-136.25],[13.19,-136.5],[11.23,-136.9],[9.31,-137.46],[7.44,-138.17],[5.64,-139.03],[4.05,-140.23],[2.78,-141.77],[1.89,-143.56],[1.44,-145.5],[1.41,-147.5],[1.45,-149.05]]}},{"type":"Feature","properties":{"kind":"center","road_id":"1251"},"geometry":{"type":"LineString","coordinates":[[19.17,-136.11],[17.17,-136.15],[15.19,-136.36],[13.32,-137.04],[11.68,-138.18],[10.38,-139.69],[9.4,-141.44],[8.74,-143.32],[8.42,-145.29],[8.41,-147.29],[8.45,-148.88]]}},{"type":"Feature","properties":{"kind":"center","road_id":"1256"},"geometry":{"type":"LineString","coordinates":[[19.33,-143.61],[17.4,-144.07],[15.82,-145.27],[14.75,-146.94],[14.44,-148.73]]}},{"type":"Feature","properties":{"kind":"center","road_id":"1257"},"geometry":{"type":"LineString","coordinates":[[7.83,-123.78],[7.88,-125.78],[8.02,-127.77],[8.5,-129.71],[9.31,-131.54],[10.41,-133.2],[11.85,-134.59],[13.58,-135.58],[15.51,-136.09],[17.5,-136.15],[19.17,-136.11]]}},{"type":"Feature","properties":{"kind":"center","road_id":"1266"},"geometry":{"type":"LineString","coordinates":[[19.17,-136.11],[17.17,-136.15],[15.17,-136.14],[13.18,-135.98],[11.21,-135.66],[9.26,-135.19],[7.36,-134.57],[5.52,-133.79],[3.88,-132.66],[2.53,-131.19],[1.55,-129.45],[1.0,-127.53],[0.87,-125.54],[0.83,-123.95]]}},{"type":"Feature","properties":{"kind":"center","road_id":"1272"},"geometry":{"type":"LineString","coordinates":[[19.01,-128.61],[17.06,-128.27],[15.41,-127.17],[14.24,-125.56],[13.82,-123.63]]}},{"type":"Feature","properties":{"kind":"center","road_id":"1275"},"geometry":{"type":"LineString","coordinates":[[-13.4,-136.81],[-11.4,-136.77],[-9.41,-136.88],[-7.5,-137.48],[-5.81,-138.54],[-4.44,-139.98],[-3.38,-141.68],[-2.63,-143.53],[-2.2,-145.48],[-2.09,-147.48],[-2.05,-149.14]]}},{"type":"Feature","properties":{"kind":"center","road_id":"1284"},"geometry":{"type":"LineString","coordinates":[[4.95,-148.97],[4.9,-146.97],[4.7,-144.98],[4.05,-143.09],[3.0,-141.4],[1.58,-139.99],[-0.12,-138.95],[-1.98,-138.21],[-3.89,-137.62],[-5.84,-137.18],[-7.82,-136.89],[-9.81,-136.76],[-11.81,-136.77],[-13.4,-136.81]]}},{"type":"Feature","properties":{"kind":"center","road_id":"1290"},"geometry":{"type":"LineString","coordinates":[[-13.24,-144.31],[-11.28,-144.65],[-9.63,-145.75],[-8.46,-147.36],[-8.05,-149.29]]}},{"type":"Feature","properties":{"kind":"center","road_id":"1293"},"geometry":{"type":"LineString","coordinates":[[4.33,-123.86],[4.38,-125.86],[4.27,-127.86],[3.72,-129.78],[2.74,-131.52],[1.39,-132.98],[-0.26,-134.1],[-2.08,-134.92],[-3.96,-135.6],[-5.89,-136.12],[-7.86,-136.49],[-9.85,-136.7],[-11.85,-136.78],[-13.4,-136.81]]}},{"type":"Feature","properties":{"kind":"center","road_id":"1301"},"geometry":{"type":"LineString","coordinates":[[-2.67,-124.04],[-2.62,-126.04],[-2.68,-128.03],[-3.08,-129.99],[-3.8,-131.85],[-4.84,-133.56],[-6.21,-135.01],[-7.91,-136.06],[-9.82,-136.64],[-11.81,-136.77],[-13.4,-136.81]]}},{"type":"Feature","properties":{"kind":"center","road_id":"1306"},"geometry":{"type":"LineString","coordinates":[[-13.56,-129.31],[-11.63,-128.85],[-10.05,-127.65],[-8.97,-125.98],[-8.67,-124.19]]}},{"type":"Feature","properties":{"kind":"center","road_id":"1334"},"geometry":{"type":"LineString","coordinates":[[0.83,-123.95],[0.88,-125.95],[0.93,-127.95],[0.98,-129.95],[1.03,-131.95],[1.07,-133.95],[1.12,-135.95],[1.17,-137.95],[1.22,-139.95],[1.27,-141.95],[1.32,-143.95],[1.37,-145.94],[1.42,-147.94],[1.45,-149.05]]}},{"type":"Feature","properties":{"kind":"center","road_id":"1335"},"geometry":{"type":"LineString","coordinates":[[0.83,-123.95],[0.88,-125.95],[0.93,-127.95],[0.98,-129.95],[1.03,-131.95],[1.07,-133.95],[1.12,-135.95],[1.17,-137.95],[1.22,-139.95],[1.27,-141.95],[1.32,-143.95],[1.37,-145.94],[1.42,-147.94],[1.45,-149.05]]}},{"type":"Feature","properties":{"kind":"center","road_id":"1353"},"geometry":{"type":"LineString","coordinates":[[210.42,67.54],[212.41,67.64],[214.39,67.98],[216.31,68.53],[218.15,69.3],[219.9,70.27],[221.54,71.41],[222.96,72.82],[224.09,74.47],[224.89,76.29],[225.34,78.24],[225.42,80.24],[225.41,80.47]]}},{"type":"Feature","properties":{"kind":"center","road_id":"1354"},"geometry":{"type":"LineString","coordinates":[[210.4,60.54],[212.4,60.53],[214.4,60.53],[216.4,60.52],[218.4,60.52],[220.4,60.51],[222.4,60.51],[224.39,60.67],[226.35,61.08],[228.24,61.72],[230.04,62.59],[231.73,63.67],[233.26,64.94],[234.64,66.4],[235.82,68.0],[236.81,69.74],[237.58,71.59],[238.12,73.51],[238.42,75.49],[238.49,77.49],[238.44,79.49],[238.41,80.79]]}},{"type":"Feature","properties":{"kind":"center","road_id":"1363"},"geometry":{"type":"LineString","coordinates":[[231.41,80.62],[231.46,78.62],[231.5,76.62],[231.55,74.62],[231.6,72.62],[231.65,70.62],[231.5,68.63],[230.96,66.71],[230.05,64.93],[228.8,63.37],[227.26,62.1],[225.49,61.18],[223.57,60.64],[221.57,60.51],[219.57,60.51],[217.57,60.52],[215.57,60.52],[213.57,60.53],[211.57,60.53],[210.4,60.54]]}},{"type":"Feature","properties":{"kind":"center","road_id":"1372"},"geometry":{"type":"LineString","coordinates":[[210.38,53.54],[212.38,53.53],[214.38,53.41],[216.35,53.09],[218.28,52.58],[220.15,51.86],[221.94,50.97],[223.53,49.77],[224.82,48.25],[225.74,46.47],[226.23,44.54],[226.33,42.54],[226.35,41.87]]}},{"type":"Feature","properties":{"kind":"center","road_id":"1374"},"geometry":{"type":"LineString","coordinates":[[232.35,42.02],[232.3,44.02],[232.25,46.02],[232.2,48.02],[232.15,50.01],[232.1,52.01],[232.05,54.01],[231.61,55.96],[230.6,57.68],[229.13,59.01],[227.36,59.94],[225.43,60.43],[223.43,60.5],[221.43,60.51],[219.43,60.51],[217.43,60.52],[215.43,60.52],[213.43,60.53],[211.43,60.53],[210.4,60.54]]}},{"type":"Feature","properties":{"kind":"center","road_id":"1382"},"geometry":{"type":"LineString","coordinates":[[239.34,42.19],[239.3,44.19],[239.24,46.19],[239.0,48.17],[238.48,50.1],[237.68,51.93],[236.63,53.63],[235.34,55.16],[233.84,56.48],[232.19,57.61],[230.44,58.57],[228.59,59.34],[226.68,59.92],[224.72,60.31],[222.73,60.49],[220.73,60.51],[218.73,60.51],[216.73,60.52],[214.73,60.52],[212.73,60.53],[210.73,60.53],[210.4,60.54]]}},{"type":"Feature","properties":{"kind":"center","road_id":"1425"},"geometry":{"type":"LineString","coordinates":[[239.34,42.19],[239.3,44.19],[239.25,46.19],[239.2,48.19],[239.15,50.19],[239.1,52.18],[239.05,54.18],[239.0,56.18],[238.96,58.18],[238.91,60.18],[238.86,62.18],[238.81,64.18],[238.76,66.18],[238.71,68.18],[238.66,70.18],[238.61,72.18],[238.57,74.18],[238.52,76.18],[238.47,78.18],[238.42,80.18],[238.41,80.79]]}},{"type":"Feature","properties":{"kind":"center","road_id":"1426"},"geometry":{"type":"LineString","coordinates":[[239.34,42.19],[239.3,44.19],[239.25,46.19],[239.2,48.19],[239.15,50.19],[239.1,52.18],[239.05,54.18],[239.0,56.18],[238.96,58.18],[238.91,60.18],[238.86,62.18],[238.81,64.18],[238.76,66.18],[238.71,68.18],[238.66,70.18],[238.61,72.18],[238.57,74.18],[238.52,76.18],[238.47,78.18],[238.42,80.18],[238.41,80.79]]}},{"type":"Feature","properties":{"kind":"center","road_id":"1428"},"geometry":{"type":"LineString","coordinates":[[90.47,55.98],[91.83,57.42],[92.48,59.3],[92.38,61.29],[91.57,63.1],[90.48,64.21]]}},{"type":"Feature","properties":{"kind":"center","road_id":"1431"},"geometry":{"type":"LineString","coordinates":[[105.79,60.8],[103.79,60.81],[101.79,60.73],[99.82,60.42],[97.89,59.9],[96.03,59.17],[94.22,58.31],[92.48,57.32],[90.82,56.22],[90.47,55.98]]}},{"type":"Feature","properties":{"kind":"center","road_id":"1435"},"geometry":{"type":"LineString","coordinates":[[92.56,67.02],[94.26,65.97],[96.11,65.21],[98.05,64.76],[100.04,64.49],[102.03,64.35],[104.03,64.31],[105.8,64.3]]}},{"type":"Feature","properties":{"kind":"center","road_id":"1442"},"geometry":{"type":"LineString","coordinates":[[138.52,-70.0],[140.47,-69.6],[142.08,-68.44],[143.2,-66.8],[143.56,-64.84],[143.52,-62.9]]}},{"type":"Feature","properties":{"kind":"center","road_id":"1445"},"geometry":{"type":"LineString","coordinates":[[138.54,-70.5],[140.54,-70.44],[142.54,-70.39],[144.53,-70.34],[146.53,-70.28],[148.53,-70.22],[150.32,-69.43],[151.1,-67.63],[151.07,-65.63],[151.04,-63.64],[151.02,-62.77]]}},{"type":"Feature","properties":{"kind":"center","road_id":"1451"},"geometry":{"type":"LineString","coordinates":[[138.73,-77.99],[140.69,-78.36],[142.32,-79.48],[143.48,-81.1],[143.87,-82.93]]}},{"type":"Feature","properties":{"kind":"center","road_id":"1453"},"geometry":{"type":"LineString","coordinates":[[151.37,-82.8],[151.27,-80.81],[150.73,-78.89],[149.69,-77.18],[148.24,-75.81],[146.52,-74.8],[144.64,-74.15],[142.65,-73.9],[140.65,-73.94],[138.66,-74.0],[138.63,-74.0]]}},{"type":"Feature","properties":{"kind":"center","road_id":"1467"},"geometry":{"type":"LineString","coordinates":[[151.37,-82.8],[151.33,-80.8],[151.3,-78.8],[151.26,-76.8],[151.23,-74.8],[151.19,-72.8],[151.16,-70.8],[151.12,-68.8],[151.09,-66.8],[151.06,-64.8],[151.02,-62.8],[151.02,-62.77]]}},{"type":"Feature","properties":{"kind":"center","road_id":"1468"},"geometry":{"type":"LineString","coordinates":[[151.37,-82.8],[151.33,-80.8],[151.3,-78.8],[151.26,-76.8],[151.23,-74.8],[151.19,-72.8],[151.16,-70.8],[151.12,-68.8],[151.09,-66.8],[151.06,-64.8],[151.02,-62.8],[151.02,-62.77]]}},{"type":"Feature","properties":{"kind":"center","road_id":"1470"},"geometry":{"type":"LineString","coordinates":[[-22.19,0.6],[-22.08,2.6],[-21.77,4.57],[-21.28,6.51],[-20.6,8.39],[-19.75,10.2],[-18.73,11.92],[-18.68,11.99]]}},{"type":"Feature","properties":{"kind":"center","road_id":"1487"},"geometry":{"type":"LineString","coordinates":[[-26.19,0.64],[-27.59,1.6],[-29.44,0.83],[-31.17,-0.11],[-31.47,-2.0],[-30.09,-3.37],[-28.37,-4.38],[-26.7,-5.49],[-25.09,-6.67],[-23.51,-7.9],[-21.95,-9.15],[-20.42,-10.44],[-18.92,-11.77],[-17.45,-13.12],[-16.01,-14.51],[-14.58,-15.91],[-13.05,-17.19],[-11.55,-18.52],[-10.2,-19.99],[-9.01,-21.59],[-7.99,-23.32],[-7.16,-25.13],[-6.52,-27.03],[-6.08,-28.98],[-6.02,-29.34]]}},{"type":"Feature","properties":{"kind":"center","road_id":"1498"},"geometry":{"type":"LineString","coordinates":[[-26.19,0.64],[-27.59,1.6],[-29.44,0.83],[-31.17,-0.11],[-31.47,-2.0],[-30.09,-3.37],[-28.37,-4.38],[-26.59,-5.17],[-25.86,-3.56],[-26.09,-1.63]]}},{"type":"Feature","properties":{"kind":"center","road_id":"1504"},"geometry":{"type":"LineString","coordinates":[[-26.19,0.64],[-27.59,1.6],[-29.44,0.83],[-31.17,-0.11],[-31.47,-2.0],[-30.09,-3.37],[-28.37,-4.38],[-26.7,-5.49],[-25.09,-6.67],[-23.51,-7.9],[-21.95,-9.15],[-20.42,-10.44],[-18.92,-11.77],[-17.45,-13.12],[-16.01,-14.51],[-14.58,-15.91],[-13.04,-17.18],[-11.38,-18.29],[-9.62,-19.25],[-7.78,-20.03],[-5.88,-20.63],[-3.92,-21.05],[-1.94,-21.29],[-1.5,-21.31]]}},{"type":"Feature","properties":{"kind":"center","road_id":"1566"},"geometry":{"type":"LineString","coordinates":[[-18.68,11.99],[-19.71,10.28],[-20.65,8.52],[-21.66,6.79],[-22.87,5.2],[-24.29,3.79],[-25.88,2.58],[-27.62,1.59],[-29.47,0.84],[-31.38,0.27],[-33.33,-0.21],[-35.29,-0.58],[-37.27,-0.85],[-39.27,-1.02],[-41.27,-1.08],[-43.27,-1.09],[-43.36,-1.09]]}},{"type":"Feature","properties":{"kind":"center","road_id":"1577"},"geometry":{"type":"LineString","coordinates":[[-6.0,-29.34],[-6.4,-27.38],[-7.01,-25.47],[-7.8,-23.64],[-8.79,-21.9],[-9.95,-20.27],[-11.27,-18.77],[-12.74,-17.42],[-14.28,-16.15],[-15.73,-14.77],[-17.1,-13.31],[-18.33,-11.74],[-19.41,-10.06],[-20.32,-8.28],[-21.06,-6.42],[-21.62,-4.5],[-21.99,-2.53],[-22.13,-1.31]]}},{"type":"Feature","properties":{"kind":"center","road_id":"1584"},"geometry":{"type":"LineString","coordinates":[[-2.55,-28.75],[-2.94,-26.79],[-2.14,-25.27],[-1.69,-25.29]]}},{"type":"Feature","properties":{"kind":"center","road_id":"1592"},"geometry":{"type":"LineString","coordinates":[[-10.68,-30.13],[-11.11,-28.18],[-11.75,-26.28],[-12.55,-24.45],[-13.52,-22.7],[-14.65,-21.06],[-15.93,-19.52],[-17.35,-18.11],[-18.84,-16.78],[-20.36,-15.48],[-21.9,-14.2],[-23.45,-12.94],[-25.03,-11.71],[-26.62,-10.5],[-28.22,-9.3],[-29.85,-8.14],[-31.58,-7.14],[-33.41,-6.33],[-35.31,-5.71],[-37.27,-5.3],[-39.26,-5.1],[-41.26,-5.08],[-43.26,-5.09],[-43.34,-5.09]]}},{"type":"Feature","properties":{"kind":"center","road_id":"1608"},"geometry":{"type":"LineString","coordinates":[[-6.0,-29.34],[-6.4,-27.38],[-7.01,-25.47],[-7.8,-23.64],[-8.79,-21.9],[-9.95,-20.27],[-11.27,-18.77],[-12.74,-17.42],[-14.28,-16.15],[-15.73,-14.77],[-17.16,-13.37],[-18.63,-12.01],[-20.12,-10.68],[-21.64,-9.38],[-23.19,-8.12],[-24.77,-6.89],[-26.38,-5.7],[-28.02,-4.57],[-29.76,-3.58],[-31.58,-2.75],[-33.47,-2.08],[-35.4,-1.58],[-37.37,-1.25],[-39.37,-1.09],[-41.37,-1.08],[-43.36,-1.09]]}},{"type":"Feature","properties":{"kind":"center","road_id":"1624"},"geometry":{"type":"LineString","coordinates":[[-1.5,-21.29],[-3.49,-21.1],[-5.45,-20.72],[-7.37,-20.16],[-9.23,-19.41],[-11.0,-18.49],[-12.68,-17.41],[-14.25,-16.17],[-15.7,-14.79],[-17.08,-13.34],[-18.31,-11.77],[-19.39,-10.09],[-20.31,-8.31],[-21.05,-6.46],[-21.61,-4.54],[-21.99,-2.57],[-22.13,-1.31]]}},{"type":"Feature","properties":{"kind":"center","road_id":"1655"},"geometry":{"type":"LineString","coordinates":[[-17.21,13.94],[-15.85,15.4],[-14.41,16.79],[-12.85,18.05],[-11.19,19.15],[-9.42,20.08],[-7.57,20.85],[-5.66,21.43],[-3.7,21.83],[-2.05,22.02]]}},{"type":"Feature","properties":{"kind":"center","road_id":"1661"},"geometry":{"type":"LineString","coordinates":[[-17.21,13.94],[-15.85,15.4],[-14.5,16.88],[-13.3,18.48],[-12.26,20.18],[-11.38,21.98],[-10.67,23.85],[-10.14,25.78],[-9.76,27.74],[-9.43,29.56]]}},{"type":"Feature","properties":{"kind":"center","road_id":"1666"},"geometry":{"type":"LineString","coordinates":[[-2.35,26.01],[-4.33,25.78],[-5.86,26.61],[-5.55,28.58],[-5.5,28.86]]}},{"type":"Feature","properties":{"kind":"center","road_id":"1670"},"geometry":{"type":"LineString","coordinates":[[-159.82,99.68],[-157.88,99.27],[-156.27,98.11],[-155.16,96.46],[-154.81,94.51],[-154.81,92.68]]}},{"type":"Feature","properties":{"kind":"center","road_id":"1672"},"geometry":{"type":"LineString","coordinates":[[-159.84,107.68],[-157.88,107.97],[-156.19,109.02],[-154.97,110.59],[-154.48,112.51],[-154.15,114.49],[-154.14,114.56]]}},{"type":"Feature","properties":{"kind":"center","road_id":"1678"},"geometry":{"type":"LineString","coordinates":[[-147.31,92.68],[-147.31,94.68],[-147.31,96.68],[-147.31,98.68],[-147.31,100.68],[-147.31,102.68],[-147.31,104.68],[-147.31,106.68],[-147.29,108.68],[-147.14,110.68],[-146.86,112.66],[-146.78,113.14]]}},{"type":"Feature","properties":{"kind":"center","road_id":"1679"},"geometry":{"type":"LineString","coordinates":[[-147.31,92.68],[-147.31,94.68],[-147.31,96.68],[-147.31,98.68],[-147.31,100.68],[-147.31,102.68],[-147.31,104.68],[-147.31,106.68],[-147.29,108.68],[-147.14,110.68],[-146.86,112.66],[-146.78,113.14]]}},{"type":"Feature","properties":{"kind":"center","road_id":"1684"},"geometry":{"type":"LineString","coordinates":[[5.88,-44.87],[5.83,-42.87],[5.81,-40.87],[5.86,-38.87],[5.98,-36.88],[6.17,-34.89],[6.43,-32.9],[6.67,-31.37]]}},{"type":"Feature","properties":{"kind":"center","road_id":"1688"},"geometry":{"type":"LineString","coordinates":[[4.05,-30.91],[3.74,-32.89],[2.87,-34.64],[1.07,-35.42],[-0.9,-35.19],[-2.25,-33.79],[-2.57,-31.82],[-2.65,-31.21]]}},{"type":"Feature","properties":{"kind":"center","road_id":"1691"},"geometry":{"type":"LineString","coordinates":[[-5.64,-31.64],[-5.37,-33.62],[-5.15,-35.61],[-4.96,-37.6],[-4.82,-39.6],[-4.72,-41.59],[-4.66,-43.59],[-4.62,-45.13]]}},{"type":"Feature","properties":{"kind":"center","road_id":"1697"},"geometry":{"type":"LineString","coordinates":[[152.46,-145.81],[152.35,-143.82],[151.92,-141.87],[151.18,-140.01],[150.14,-138.3],[148.85,-136.78],[147.31,-135.51],[145.57,-134.52],[143.69,-133.86],[141.72,-133.54],[139.71,-133.53],[139.7,-133.53]]}},{"type":"Feature","properties":{"kind":"center","road_id":"1703"},"geometry":{"type":"LineString","coordinates":[[152.46,-145.81],[152.34,-143.82],[151.9,-141.87],[151.16,-140.01],[150.12,-138.31],[148.82,-136.79],[147.28,-135.52],[145.54,-134.53],[143.66,-133.87],[141.69,-133.54],[139.7,-133.53]]}},{"type":"Feature","properties":{"kind":"center","road_id":"1707"},"geometry":{"type":"LineString","coordinates":[[144.97,-145.94],[144.52,-144.01],[143.32,-142.42],[141.66,-141.34],[139.86,-141.03]]}},{"type":"Feature","properties":{"kind":"center","road_id":"1708"},"geometry":{"type":"LineString","coordinates":[[139.7,-133.53],[141.7,-133.44],[143.66,-133.04],[145.51,-132.31],[147.22,-131.27],[148.71,-129.94],[149.96,-128.39],[150.94,-126.64],[151.62,-124.76],[151.98,-122.8],[152.03,-120.82]]}},{"type":"Feature","properties":{"kind":"center","road_id":"1713"},"geometry":{"type":"LineString","coordinates":[[152.03,-120.82],[151.99,-122.81],[151.63,-124.78],[150.95,-126.66],[149.96,-128.4],[148.71,-129.95],[147.2,-131.27],[145.5,-132.3],[143.64,-133.04],[141.68,-133.44],[139.7,-133.53]]}},{"type":"Feature","properties":{"kind":"center","road_id":"1718"},"geometry":{"type":"LineString","coordinates":[[139.54,-126.03],[141.48,-125.61],[143.08,-124.45],[144.19,-122.8],[144.53,-120.95]]}},{"type":"Feature","properties":{"kind":"center","road_id":"1734"},"geometry":{"type":"LineString","coordinates":[[152.46,-145.81],[152.43,-143.81],[152.39,-141.81],[152.36,-139.81],[152.33,-137.81],[152.29,-135.81],[152.26,-133.81],[152.22,-131.81],[152.19,-129.81],[152.15,-127.81],[152.12,-125.81],[152.08,-123.82],[152.05,-121.82],[152.03,-120.82]]}},{"type":"Feature","properties":{"kind":"center","road_id":"1735"},"geometry":{"type":"LineString","coordinates":[[152.46,-145.81],[152.43,-143.81],[152.39,-141.81],[152.36,-139.81],[152.33,-137.81],[152.29,-135.81],[152.26,-133.81],[152.22,-131.81],[152.19,-129.81],[152.15,-127.81],[152.12,-125.81],[152.08,-123.82],[152.05,-121.82],[152.03,-120.82]]}},{"type":"Feature","properties":{"kind":"center","road_id":"1737"},"geometry":{"type":"LineString","coordinates":[[-8.32,43.62],[-8.33,41.62],[-8.37,39.62],[-8.47,37.62],[-8.62,35.63],[-8.83,33.64],[-9.09,31.65],[-9.25,30.64]]}},{"type":"Feature","properties":{"kind":"center","road_id":"1742"},"geometry":{"type":"LineString","coordinates":[[-5.9,30.09],[-5.6,32.07],[-5.14,34.0],[-3.64,35.25],[-1.68,35.2],[-0.27,33.85],[0.21,31.91],[0.69,29.97],[1.25,28.05],[1.03,26.21],[-0.35,26.08]]}},{"type":"Feature","properties":{"kind":"center","road_id":"1747"},"geometry":{"type":"LineString","coordinates":[[-5.9,30.09],[-5.6,32.07],[-5.14,34.0],[-3.64,35.25],[-1.68,35.2],[-0.27,33.85],[0.21,31.91],[0.69,29.97],[1.25,28.05],[1.84,26.14],[2.56,24.27],[3.42,22.47],[4.42,20.73],[5.55,19.08],[6.8,17.52],[8.17,16.07],[9.65,14.72],[11.17,13.42],[11.33,13.26]]}},{"type":"Feature","properties":{"kind":"center","road_id":"1756"},"geometry":{"type":"LineString","coordinates":[[-0.82,43.57],[-0.83,41.57],[-0.8,39.57],[-0.67,37.57],[-0.45,35.59],[-0.14,33.61],[0.27,31.65],[0.76,29.72],[1.33,27.8],[0.8,26.1],[-0.35,26.08]]}},{"type":"Feature","properties":{"kind":"center","road_id":"1772"},"geometry":{"type":"LineString","coordinates":[[14.13,16.13],[12.63,17.45],[11.13,18.77],[9.75,20.22],[8.52,21.8],[7.43,23.47],[6.51,25.25],[5.74,27.09],[5.14,29.0],[4.58,30.92],[4.09,32.86],[3.71,34.82],[3.43,36.8],[3.25,38.8],[3.17,40.79],[3.18,42.79],[3.18,43.54]]}},{"type":"Feature","properties":{"kind":"center","road_id":"1786"},"geometry":{"type":"LineString","coordinates":[[-0.37,22.08],[1.63,21.97],[3.6,21.67],[5.54,21.19],[7.43,20.52],[9.24,19.67],[10.96,18.66],[12.58,17.49],[14.08,16.17],[14.13,16.13]]}},{"type":"Feature","properties":{"kind":"center","road_id":"1805"},"geometry":{"type":"LineString","coordinates":[[81.71,-84.61],[81.63,-82.61],[81.56,-80.61],[81.49,-78.61],[81.42,-76.62],[81.35,-74.62],[81.28,-72.62],[81.21,-70.62],[81.14,-68.62],[81.07,-66.62],[81.0,-64.62]]}},{"type":"Feature","properties":{"kind":"center","road_id":"1806"},"geometry":{"type":"LineString","coordinates":[[81.71,-84.61],[81.63,-82.61],[81.56,-80.61],[81.49,-78.61],[81.42,-76.62],[81.35,-74.62],[81.28,-72.62],[81.21,-70.62],[81.14,-68.62],[81.07,-66.62],[81.0,-64.62]]}},{"type":"Feature","properties":{"kind":"center","road_id":"1807"},"geometry":{"type":"LineString","coordinates":[[89.2,-84.35],[89.55,-82.39],[90.66,-80.74],[92.27,-79.58],[94.21,-79.17],[94.23,-79.17]]}},{"type":"Feature","properties":{"kind":"center","road_id":"1809"},"geometry":{"type":"LineString","coordinates":[[94.12,-75.17],[92.12,-75.22],[90.13,-75.28],[88.15,-75.56],[86.26,-76.2],[84.52,-77.18],[83.05,-78.53],[82.06,-80.26],[81.65,-82.2],[81.69,-84.2],[81.71,-84.61]]}},{"type":"Feature","properties":{"kind":"center","road_id":"1810"},"geometry":{"type":"LineString","coordinates":[[94.12,-75.17],[92.12,-75.22],[90.13,-75.27],[88.13,-75.31],[86.14,-75.12],[84.19,-74.67],[82.32,-73.96],[80.55,-73.03],[79.1,-71.67],[78.1,-69.95],[77.63,-68.01],[77.55,-66.01],[77.5,-64.75]]}},{"type":"Feature","properties":{"kind":"center","road_id":"1815"},"geometry":{"type":"LineString","coordinates":[[88.49,-64.36],[88.56,-66.36],[89.05,-68.28],[90.27,-69.85],[91.95,-70.9],[93.92,-71.17],[94.02,-71.17]]}},{"type":"Feature","properties":{"kind":"center","road_id":"1828"},"geometry":{"type":"LineString","coordinates":[[-147.25,-10.69],[-147.25,-8.69],[-147.25,-6.69],[-147.26,-4.69],[-147.26,-2.69],[-147.26,-0.69],[-147.26,1.31],[-147.26,3.31],[-147.26,5.31],[-147.26,7.31],[-147.26,7.43]]}},{"type":"Feature","properties":{"kind":"center","road_id":"1829"},"geometry":{"type":"LineString","coordinates":[[-147.25,-10.69],[-147.25,-8.69],[-147.25,-6.69],[-147.26,-4.69],[-147.26,-2.69],[-147.26,-0.69],[-147.26,1.31],[-147.26,3.31],[-147.26,5.31],[-147.26,7.31],[-147.26,7.43]]}},{"type":"Feature","properties":{"kind":"center","road_id":"1842"},"geometry":{"type":"LineString","coordinates":[[-154.75,-10.69],[-155.17,-8.75],[-156.34,-7.14],[-157.98,-6.03],[-159.78,-5.69]]}},{"type":"Feature","properties":{"kind":"center","road_id":"1843"},"geometry":{"type":"LineString","coordinates":[[-139.75,-10.68],[-139.39,-8.73],[-138.26,-7.1],[-136.64,-5.95],[-134.7,-5.56]]}},{"type":"Feature","properties":{"kind":"center","road_id":"1846"},"geometry":{"type":"LineString","coordinates":[[-134.72,-1.56],[-136.72,-1.57],[-138.72,-1.66],[-140.69,-2.0],[-142.6,-2.57],[-144.43,-3.38],[-145.94,-4.67],[-146.92,-6.4],[-147.25,-8.37],[-147.25,-10.37],[-147.25,-10.69]]}},{"type":"Feature","properties":{"kind":"center","road_id":"1853"},"geometry":{"type":"LineString","coordinates":[[-147.25,-10.69],[-147.25,-8.69],[-147.02,-6.71],[-146.13,-4.93],[-144.69,-3.56],[-142.89,-2.69],[-140.99,-2.08],[-139.03,-1.7],[-137.03,-1.57],[-135.03,-1.56],[-134.72,-1.56]]}},{"type":"Feature","properties":{"kind":"center","road_id":"1858"},"geometry":{"type":"LineString","coordinates":[[-154.76,7.43],[-155.13,5.48],[-156.26,3.85],[-157.88,2.7],[-159.82,2.31]]}},{"type":"Feature","properties":{"kind":"center","road_id":"1861"},"geometry":{"type":"LineString","coordinates":[[-134.72,-1.56],[-136.72,-1.57],[-138.72,-1.49],[-140.69,-1.18],[-142.61,-0.62],[-144.44,0.18],[-145.96,1.47],[-146.94,3.2],[-147.26,5.16],[-147.26,7.16],[-147.26,7.43]]}},{"type":"Feature","properties":{"kind":"center","road_id":"1868"},"geometry":{"type":"LineString","coordinates":[[-134.72,-1.56],[-136.72,-1.57],[-138.72,-1.49],[-140.69,-1.17],[-142.61,-0.62],[-144.44,0.19],[-145.95,1.48],[-146.93,3.21],[-147.26,5.17],[-147.26,7.17],[-147.26,7.43]]}},{"type":"Feature","properties":{"kind":"center","road_id":"1873"},"geometry":{"type":"LineString","coordinates":[[-139.76,7.44],[-139.35,5.5],[-138.18,3.89],[-136.53,2.78],[-134.74,2.44]]}},{"type":"Feature","properties":{"kind":"center","road_id":"1874"},"geometry":{"type":"LineString","coordinates":[[-159.8,-1.69],[-157.8,-1.68],[-155.8,-1.67],[-153.8,-1.66],[-151.8,-1.65],[-149.8,-1.64],[-147.8,-1.63],[-145.8,-1.62],[-143.8,-1.61],[-141.8,-1.6],[-139.8,-1.59],[-137.8,-1.58],[-135.8,-1.57],[-134.72,-1.56]]}},{"type":"Feature","properties":{"kind":"center","road_id":"1884"},"geometry":{"type":"LineString","coordinates":[[175.05,-259.19],[173.11,-259.63],[171.52,-260.82],[170.49,-262.52],[170.14,-264.48],[170.63,-266.4],[170.77,-266.66]]}},{"type":"Feature","properties":{"kind":"center","road_id":"1886"},"geometry":{"type":"LineString","coordinates":[[174.99,-255.19],[172.99,-255.21],[170.99,-255.24],[168.99,-255.27],[166.99,-255.3],[164.99,-255.33],[162.99,-255.36],[160.99,-255.38],[158.99,-255.41],[156.99,-255.44],[154.99,-255.47],[152.99,-255.5],[150.99,-255.53],[148.99,-255.56],[146.99,-255.58],[144.99,-255.61],[142.99,-255.64],[142.82,-255.64]]}},{"type":"Feature","properties":{"kind":"center","road_id":"1890"},"geometry":{"type":"LineString","coordinates":[[174.93,-251.19],[172.93,-251.21],[170.93,-251.24],[168.93,-251.27],[166.95,-251.14],[165.16,-250.27],[163.8,-248.83],[163.12,-246.96],[162.72,-245.0],[162.42,-243.37]]}},{"type":"Feature","properties":{"kind":"center","road_id":"1894"},"geometry":{"type":"LineString","coordinates":[[157.78,-274.15],[156.8,-272.41],[155.86,-270.64],[154.97,-268.85],[154.11,-267.04],[153.31,-265.21],[152.54,-263.37],[151.64,-261.59],[150.14,-260.29],[148.27,-259.62],[146.27,-259.59],[144.27,-259.62],[142.88,-259.64]]}},{"type":"Feature","properties":{"kind":"center","road_id":"1897"},"geometry":{"type":"LineString","coordinates":[[164.27,-270.41],[163.3,-268.66],[162.37,-266.89],[161.48,-265.1],[160.64,-263.28],[159.85,-261.44],[159.11,-259.59],[158.42,-257.71],[157.77,-255.82],[157.18,-253.91],[156.63,-251.98],[156.14,-250.05],[155.69,-248.1],[155.3,-246.14],[155.02,-244.6]]}},{"type":"Feature","properties":{"kind":"center","road_id":"1900"},"geometry":{"type":"LineString","coordinates":[[142.77,-251.64],[144.7,-251.2],[146.29,-250.01],[147.37,-248.34],[147.69,-246.38],[147.63,-245.84]]}},{"type":"Feature","properties":{"kind":"center","road_id":"1908"},"geometry":{"type":"LineString","coordinates":[[-147.28,38.65],[-147.28,40.65],[-147.28,42.65],[-147.28,44.65],[-147.28,46.65],[-147.28,48.65],[-147.28,50.65],[-147.29,52.65],[-147.29,54.65],[-147.29,56.65],[-147.29,58.65],[-147.29,60.65],[-147.29,62.65],[-147.29,64.65],[-147.29,66.65],[-147.29,68.65],[-147.3,70.65],[-147.3,72.65],[-147.3,74.65],[-147.3,76.65],[-147.3,78.65],[-147.3,78.95]]}},{"type":"Feature","properties":{"kind":"center","road_id":"1909"},"geometry":{"type":"LineString","coordinates":[[-147.28,38.65],[-147.28,40.65],[-147.28,42.65],[-147.28,44.65],[-147.28,46.65],[-147.28,48.65],[-147.28,50.65],[-147.29,52.65],[-147.29,54.65],[-147.29,56.65],[-147.29,58.65],[-147.29,60.65],[-147.29,62.65],[-147.29,64.65],[-147.29,66.65],[-147.29,68.65],[-147.3,70.65],[-147.3,72.65],[-147.3,74.65],[-147.3,76.65],[-147.3,78.65],[-147.3,78.95]]}},{"type":"Feature","properties":{"kind":"center","road_id":"1917"},"geometry":{"type":"LineString","coordinates":[[-128.38,46.98],[-129.78,48.4],[-131.19,49.83],[-132.6,51.25],[-134.0,52.67],[-135.41,54.09],[-136.94,55.36],[-138.76,56.18],[-140.73,56.48],[-142.71,56.23],[-144.53,55.42],[-146.0,54.07],[-146.95,52.32],[-147.28,50.36],[-147.28,48.36],[-147.28,46.36],[-147.28,44.36],[-147.28,42.36],[-147.28,40.36],[-147.28,38.65]]}},{"type":"Feature","properties":{"kind":"center","road_id":"1922"},"geometry":{"type":"LineString","coordinates":[[-139.78,38.66],[-139.78,40.66],[-139.36,42.6],[-138.19,44.2],[-136.47,45.2],[-134.52,45.58],[-132.59,45.13],[-131.22,44.17]]}},{"type":"Feature","properties":{"kind":"center","road_id":"1924"},"geometry":{"type":"LineString","coordinates":[[-139.8,78.96],[-139.8,76.96],[-139.8,74.96],[-139.8,72.96],[-139.8,70.96],[-139.79,68.96],[-139.79,66.96],[-139.61,64.97],[-138.73,63.19],[-137.35,61.75],[-135.94,60.32],[-134.54,58.9],[-133.13,57.48],[-131.73,56.06],[-130.32,54.64],[-128.91,53.21],[-127.51,51.79],[-126.1,50.37],[-125.53,49.79]]}},{"type":"Feature","properties":{"kind":"center","road_id":"1930"},"geometry":{"type":"LineString","coordinates":[[-128.38,46.98],[-129.79,48.39],[-131.23,49.78],[-132.7,51.14],[-134.2,52.46],[-135.73,53.76],[-137.28,55.02],[-138.85,56.25],[-140.45,57.45],[-142.08,58.61],[-143.71,59.77],[-145.23,61.06],[-146.6,62.52],[-147.8,64.12],[-148.81,65.84],[-149.63,67.67],[-150.23,69.58],[-150.62,71.54],[-150.79,73.53],[-150.8,75.53],[-150.8,77.53],[-150.8,78.95]]}},{"type":"Feature","properties":{"kind":"center","road_id":"1933"},"geometry":{"type":"LineString","coordinates":[[-38.19,176.88],[-39.84,178.01],[-41.45,179.2],[-43.04,180.41],[-44.63,181.63],[-46.22,182.84],[-47.8,184.06],[-49.39,185.27],[-50.98,186.49],[-52.65,187.58],[-54.58,188.08],[-56.55,187.88],[-58.31,186.95],[-59.81,185.63],[-60.89,184.68]]}},{"type":"Feature","properties":{"kind":"center","road_id":"1959"},"geometry":{"type":"LineString","coordinates":[[-33.15,202.36],[-35.15,202.37],[-37.15,202.37],[-39.15,202.38],[-41.15,202.38],[-43.15,202.36],[-45.15,202.24],[-47.13,202.02],[-49.11,201.7],[-51.06,201.28],[-52.99,200.76],[-54.9,200.15],[-56.76,199.43],[-58.59,198.63],[-60.38,197.73],[-62.12,196.74],[-63.81,195.67],[-65.43,194.51],[-67.0,193.27],[-67.83,192.56]]}},{"type":"Feature","properties":{"kind":"center","road_id":"1960"},"geometry":{"type":"LineString","coordinates":[[-33.15,202.36],[-35.15,202.37],[-37.15,202.37],[-39.15,202.38],[-41.15,202.38],[-43.15,202.36],[-45.15,202.24],[-47.13,202.02],[-49.11,201.7],[-51.06,201.28],[-52.99,200.76],[-54.9,200.15],[-56.76,199.43],[-58.59,198.63],[-60.38,197.73],[-62.12,196.74],[-63.81,195.67],[-65.43,194.51],[-67.0,193.27],[-67.83,192.56]]}},{"type":"Feature","properties":{"kind":"center","road_id":"1961"},"geometry":{"type":"LineString","coordinates":[[-33.18,189.36],[-35.13,188.97],[-36.77,187.86],[-37.85,186.19],[-38.19,184.23],[-37.75,182.29],[-36.58,180.69],[-35.97,180.21]]}},{"type":"Feature","properties":{"kind":"center","road_id":"1963"},"geometry":{"type":"LineString","coordinates":[[-213.33,103.52],[-215.33,103.51],[-217.33,103.51],[-219.33,103.5],[-221.33,103.49],[-223.33,103.47],[-225.33,103.46],[-227.33,103.45],[-229.33,103.43],[-231.33,103.42],[-231.99,103.41]]}},{"type":"Feature","properties":{"kind":"center","road_id":"1967"},"geometry":{"type":"LineString","coordinates":[[-213.32,99.52],[-215.3,99.31],[-217.04,98.35],[-218.32,96.83],[-218.9,94.93],[-218.93,94.01]]}},{"type":"Feature","properties":{"kind":"center","road_id":"1970"},"geometry":{"type":"LineString","coordinates":[[-218.35,112.67],[-218.0,110.72],[-216.88,109.08],[-215.27,107.92],[-213.34,107.52]]}},{"type":"Feature","properties":{"kind":"center","road_id":"1971"},"geometry":{"type":"LineString","coordinates":[[-226.93,94.26],[-227.28,96.21],[-228.4,97.85],[-230.02,99.01],[-231.96,99.41]]}},{"type":"Feature","properties":{"kind":"center","road_id":"1972"},"geometry":{"type":"LineString","coordinates":[[-232.02,107.41],[-230.04,107.61],[-228.29,108.55],[-226.99,110.05],[-226.39,111.95],[-226.35,112.92]]}},{"type":"Feature","properties":{"kind":"center","road_id":"1975"},"geometry":{"type":"LineString","coordinates":[[-222.93,94.13],[-222.87,96.13],[-222.81,98.13],[-222.74,100.13],[-222.68,102.13],[-222.62,104.13],[-222.56,106.13],[-222.5,108.13],[-222.43,110.12],[-222.37,112.12],[-222.35,112.79]]}},{"type":"Feature","properties":{"kind":"center","road_id":"1979"},"geometry":{"type":"LineString","coordinates":[[79.9,-269.94],[80.55,-268.05],[81.16,-266.15],[81.71,-264.22],[82.22,-262.29],[82.68,-260.34],[83.09,-258.39],[83.45,-256.42],[83.77,-254.44],[84.03,-252.46],[84.24,-250.47],[84.41,-248.48],[84.51,-246.7]]}},{"type":"Feature","properties":{"kind":"center","road_id":"1982"},"geometry":{"type":"LineString","coordinates":[[86.96,-272.48],[87.61,-270.59],[88.22,-268.68],[88.79,-266.76],[89.31,-264.83],[89.96,-262.95],[91.27,-261.46],[93.02,-260.52],[95.0,-260.32],[97.0,-260.29],[97.19,-260.29]]}},{"type":"Feature","properties":{"kind":"center","road_id":"1985"},"geometry":{"type":"LineString","coordinates":[[72.84,-267.41],[73.11,-265.44],[72.55,-263.53],[71.34,-261.95],[69.63,-260.95],[68.07,-260.71]]}},{"type":"Feature","properties":{"kind":"center","road_id":"1986"},"geometry":{"type":"LineString","coordinates":[[92.0,-247.06],[92.33,-249.02],[93.42,-250.67],[95.02,-251.86],[96.95,-252.29],[97.07,-252.29]]}},{"type":"Feature","properties":{"kind":"center","road_id":"1987"},"geometry":{"type":"LineString","coordinates":[[77.02,-246.35],[76.89,-248.34],[76.2,-250.21],[74.84,-251.66],[73.05,-252.52],[71.06,-252.66],[69.06,-252.69],[67.95,-252.71]]}},{"type":"Feature","properties":{"kind":"center","road_id":"1990"},"geometry":{"type":"LineString","coordinates":[[97.13,-256.29],[95.13,-256.32],[93.13,-256.35],[91.13,-256.38],[89.13,-256.41],[87.13,-256.43],[85.13,-256.46],[83.13,-256.49],[81.13,-256.52],[79.13,-256.55],[77.13,-256.58],[75.13,-256.6],[73.13,-256.63],[71.13,-256.66],[69.13,-256.69],[68.01,-256.71]]}}]}